category,command,type,description,permissions,entrypoint,implementation,options_or_args,status,notes
Quản lý thành viên/role,/pickrole,slash,"Chọn role cho bản thân (DPS, Healer, Tanker)",Role Quản Lý,src/functions/handlers/handleCommands.js,src/commands/quanly/pickrole.js,"role, dpstype",active,Được loader slash cấp thư mục trực tiếp đăng ký.
Thông báo/Boss/Lịch,/huythongbao,slash,Hủy thông báo,Không thấy kiểm tra rõ trong nhánh quét,src/functions/handlers/handleCommands.js,src/commands/thongbao/huythongbao.js,so_thu_tu,active,Được loader slash cấp thư mục trực tiếp đăng ký.
Thông báo/Boss/Lịch,/listthongbao,slash,Xem danh sách thông báo của server,Không thấy kiểm tra rõ trong nhánh quét,src/functions/handlers/handleCommands.js,src/commands/thongbao/listthongbao.js,(không có option),active,Được loader slash cấp thư mục trực tiếp đăng ký.
Thông báo/Boss/Lịch,/rolethongbao,slash,Đặt role yêu cầu để sử dụng các lệnh thông báo (Chỉ Owner),Owner/whitelist,src/functions/handlers/handleCommands.js,src/commands/thongbao/rolethongbao.js,role,active,Được loader slash cấp thư mục trực tiếp đăng ký.
Thông báo/Boss/Lịch,/suathongbao,slash,Sửa thông báo định kỳ,Không thấy kiểm tra rõ trong nhánh quét,src/functions/handlers/handleCommands.js,src/commands/thongbao/suathongbao.js,"so_thu_tu, tieu_de, noi_dung, thoi_gian, thu",active,Được loader slash cấp thư mục trực tiếp đăng ký.
Thông báo/Boss/Lịch,/thongbao,slash,Đặt thông báo lặp lại hàng tuần,Role LangGia/điều kiện guild,src/functions/handlers/handleCommands.js,src/commands/thongbao/thongbao.js,"tieu_de, noi_dung, thoi_gian, thu, hinh_anh",active,Được loader slash cấp thư mục trực tiếp đăng ký.
Thông báo/Boss/Lịch,/thongbao1lan,slash,Đặt thông báo một lần vào ngày giờ cụ thể,Không thấy kiểm tra rõ trong nhánh quét,src/functions/handlers/handleCommands.js,src/commands/thongbao/thongbao1lan.js,"tieu_de, noi_dung, thoi_gian, ngay, hinh_anh",active,Được loader slash cấp thư mục trực tiếp đăng ký.
Thông báo/Boss/Lịch,/thongbaoguild,slash,Đặt thông báo nhiệm vụ Guild,Role LangGia/điều kiện guild,src/functions/handlers/handleCommands.js,src/commands/thongbao/thongbaoguild.js,"loai_nhiem_vu, thoi_gian, thu, anh",active,Được loader slash cấp thư mục trực tiếp đăng ký.
Thông báo/Boss/Lịch,/xoahetthongbao,slash,Xóa tất cả thông báo của server,Không thấy kiểm tra rõ trong nhánh quét,src/functions/handlers/handleCommands.js,src/commands/thongbao/xoahetthongbao.js,(không có option),active,Được loader slash cấp thư mục trực tiếp đăng ký.
Admin/Hệ thống,?muteall,prefix,MUTE CHECK (Đặt ở đây để chặn TẤT CẢ lệnh trừ muteall) | ?muteall - Block/unblock ALL commands in channel (luôn cho phép để có thể unmute),Owner/whitelist,src/events/client/messageCreate.js:764,src/commands/admin/muteall.js,MUTE CHECK (Đặt ở đây để chặn TẤT CẢ lệnh trừ muteall) | ?muteall - Block/unblock ALL commands in channel (luôn cho phép để có thể unmute),active,
Admin/Hệ thống,?serverbot,prefix,Danh sách server bot đang ở (owner only),Owner/whitelist,src/events/client/messageCreate.js:770,src/commands/admin/serverbot.js,?serverbot - Danh sách server bot đang ở (owner only),active,
Quản lý thành viên/role,?tongrole,prefix,Xem tổng số role trong server (Owner only),Owner/whitelist,src/events/client/messageCreate.js:784,src/commands/quanly/tongrole.js,MEMBER MANAGEMENT COMMANDS | ?tongrole - Xem tổng số role trong server (Owner only),active,
Quản lý thành viên/role,?addhelp,prefix,Show help,Role Quản Lý,src/events/client/messageCreate.js:790,src/commands/quanly/addhelp.js,?addhelp - Show help,active,
Quản lý thành viên/role,?lenhquanly,prefix,Danh sách lệnh quản lý,Role Quản Lý,src/events/client/messageCreate.js:795,src/commands/quanly/lenhquanly.js,"?lenhquanly, ?qlcmd, ?admincmd - Danh sách lệnh quản lý",active,
Quản lý thành viên/role,?qlcmd,alias,Danh sách lệnh quản lý,Role Quản Lý,src/events/client/messageCreate.js:795,src/commands/quanly/lenhquanly.js,"?lenhquanly, ?qlcmd, ?admincmd - Danh sách lệnh quản lý",active,
Quản lý thành viên/role,?admincmd,alias,Danh sách lệnh quản lý,Role Quản Lý,src/events/client/messageCreate.js:795,src/commands/quanly/lenhquanly.js,"?lenhquanly, ?qlcmd, ?admincmd - Danh sách lệnh quản lý",active,
Quản lý thành viên/role,?hiddencommands,alias,Danh sách lệnh quản lý,Role Quản Lý,src/events/client/messageCreate.js:795,src/commands/quanly/lenhquanly.js,"?lenhquanly, ?qlcmd, ?admincmd - Danh sách lệnh quản lý",active,
Quản lý thành viên/role,?addmem,prefix,?addmem @user <position> <uid> <name> [Xnt],Role Quản Lý,src/events/client/messageCreate.js:801,src/commands/quanly/addmem.js,?addmem @user <position> <uid> <name> [Xnt],active,
Quản lý thành viên/role,?addid,prefix,?addid <uid> <name> - Pre-add game data,Role Quản Lý,src/events/client/messageCreate.js:806,src/commands/quanly/addid.js,?addid <uid> <name> - Pre-add game data,active,
Gieo quẻ/Cầu duyên,?setgieoque,prefix,?setgieoque (Admin only),Owner/whitelist,src/events/client/messageCreate.js:811,src/commands/gieoque/setgieoque.js,?setgieoque (Admin only),active,
Admin/Hệ thống,?checkapi,prefix,Check Gemini API Status (Admin only),Owner/whitelist,src/events/client/messageCreate.js:816,src/commands/admin/checkapi.js,?checkapi - Check Gemini API Status (Admin only),active,
Admin/Hệ thống,?setkc,prefix,?setkc <new_name>,Owner/whitelist,src/events/client/messageCreate.js:898,src/commands/admin/setkc.js,?setkc <new_name>,active,
Role hiển thị,?setrole,prefix,Set sub-role,Owner/whitelist,src/events/client/messageCreate.js:906,src/commands/quanly/subrole/setrole.js,SUB-ROLE SYSTEM | ?setrole - Set sub-role,active,
Role hiển thị,?unsetrole,prefix,Remove sub-role,Role Kỳ Cựu,src/events/client/messageCreate.js:912,src/commands/quanly/subrole/unsetrole.js,"?unsetrole, ?xoarole - Remove sub-role",active,
Role hiển thị,?xoarole,alias,Remove sub-role,Role Kỳ Cựu,src/events/client/messageCreate.js:912,src/commands/quanly/subrole/unsetrole.js,"?unsetrole, ?xoarole - Remove sub-role",active,
Role hiển thị,?addrole,prefix,Add sub-role (Bang Chủ),Owner/whitelist,src/events/client/messageCreate.js:918,src/commands/quanly/subrole/addrole.js,?addrole - Add sub-role (Bang Chủ),active,
Role hiển thị,?editrole,prefix,Edit sub-role (Bang Chủ),Owner/whitelist,src/events/client/messageCreate.js:924,src/commands/quanly/subrole/editrole.js,"?editrole, ?doirole - Edit sub-role (Bang Chủ)",active,
Role hiển thị,?doirole,alias,Edit sub-role (Bang Chủ),Owner/whitelist,src/events/client/messageCreate.js:924,src/commands/quanly/subrole/editrole.js,"?editrole, ?doirole - Edit sub-role (Bang Chủ)",active,
Role hiển thị,?delrole,prefix,Delete sub-role (Bang Chủ),Owner/whitelist,src/events/client/messageCreate.js:930,src/commands/quanly/subrole/delrole.js,?delrole - Delete sub-role (Bang Chủ),active,
Role hiển thị,?delallrole,prefix,Delete ALL sub-roles (Owner only),Owner/whitelist,src/events/client/messageCreate.js:936,src/commands/quanly/subrole/delallrole.js,?delallrole - Delete ALL sub-roles (Owner only),active,
Role hiển thị,?dsrole,prefix,List sub-roles,Không thấy kiểm tra rõ trong nhánh quét,src/events/client/messageCreate.js:942,src/commands/quanly/subrole/listrole.js,"?dsrole, ?listrole - List sub-roles",active,
Role hiển thị,?listrole,alias,List sub-roles,Không thấy kiểm tra rõ trong nhánh quét,src/events/client/messageCreate.js:942,src/commands/quanly/subrole/listrole.js,"?dsrole, ?listrole - List sub-roles",active,
Role hiển thị,?helprole,prefix,Help for role system,Không thấy kiểm tra rõ trong nhánh quét,src/events/client/messageCreate.js:948,src/commands/quanly/subrole/helprole.js,?helprole - Help for role system,active,
Role hiển thị,?role,prefix,Đổi display role,Owner/whitelist,src/events/client/messageCreate.js:954,src/commands/quanly/subrole/show.js,"?role, ?show - Đổi display role",active,
Role hiển thị,?show,alias,Đổi display role,Owner/whitelist,src/events/client/messageCreate.js:954,src/commands/quanly/subrole/show.js,"?role, ?show - Đổi display role",active,
Role hiển thị,?hideicon,prefix,Ẩn display icon,Không thấy kiểm tra rõ trong nhánh quét,src/events/client/messageCreate.js:960,src/commands/quanly/subrole/hideicon.js,"?hideicon, ?anicon - Ẩn display icon",active,
Role hiển thị,?anicon,alias,Ẩn display icon,Không thấy kiểm tra rõ trong nhánh quét,src/events/client/messageCreate.js:960,src/commands/quanly/subrole/hideicon.js,"?hideicon, ?anicon - Ẩn display icon",active,
Role hiển thị,?setroomcaprole,prefix,Thiết lập kênh cấp role thông minh,Owner/whitelist,src/events/client/messageCreate.js:966,src/commands/quanly/subrole/setroomcaprole.js,?setroomcaprole - Thiết lập kênh cấp role thông minh,active,
Quản lý thành viên/role,?mem,prefix,Xem thông tin thành viên (quản lý),Role Quản Lý,src/events/client/messageCreate.js:972,src/commands/quanly/mem.js,"?mem, ?me - Xem thông tin thành viên (quản lý)",active,
Quản lý thành viên/role,?me,alias,Xem thông tin thành viên (quản lý),Role Quản Lý,src/events/client/messageCreate.js:972,src/commands/quanly/mem.js,"?mem, ?me - Xem thông tin thành viên (quản lý)",active,
EXP/Level,?rank,prefix,Xem EXP/level cá nhân,Không thấy kiểm tra rõ trong nhánh quét,src/events/client/messageCreate.js:983,src/commands/exp/rank.js,"EXP COMMANDS | ?rank, ?level, ?xp, ?exp - Xem EXP/level cá nhân",active,
EXP/Level,?level,alias,Xem EXP/level cá nhân,Không thấy kiểm tra rõ trong nhánh quét,src/events/client/messageCreate.js:983,src/commands/exp/rank.js,"EXP COMMANDS | ?rank, ?level, ?xp, ?exp - Xem EXP/level cá nhân",active,
EXP/Level,?xp,alias,Xem EXP/level cá nhân,Không thấy kiểm tra rõ trong nhánh quét,src/events/client/messageCreate.js:983,src/commands/exp/rank.js,"EXP COMMANDS | ?rank, ?level, ?xp, ?exp - Xem EXP/level cá nhân",active,
EXP/Level,?exp,alias,Xem EXP/level cá nhân,Không thấy kiểm tra rõ trong nhánh quét,src/events/client/messageCreate.js:983,src/commands/exp/rank.js,"EXP COMMANDS | ?rank, ?level, ?xp, ?exp - Xem EXP/level cá nhân",active,
EXP/Level,?top,prefix,Bảng xếp hạng,Role LangGia/điều kiện guild,src/events/client/messageCreate.js:989,src/commands/exp/top.js,"?top, ?leaderboard, ?lb, ?bxh - Bảng xếp hạng",active,
EXP/Level,?leaderboard,alias,Bảng xếp hạng,Role LangGia/điều kiện guild,src/events/client/messageCreate.js:989,src/commands/exp/top.js,"?top, ?leaderboard, ?lb, ?bxh - Bảng xếp hạng",active,
EXP/Level,?lb,alias,Bảng xếp hạng,Role LangGia/điều kiện guild,src/events/client/messageCreate.js:989,src/commands/exp/top.js,"?top, ?leaderboard, ?lb, ?bxh - Bảng xếp hạng",active,
EXP/Level,?bxh,alias,Bảng xếp hạng,Role LangGia/điều kiện guild,src/events/client/messageCreate.js:989,src/commands/exp/top.js,"?top, ?leaderboard, ?lb, ?bxh - Bảng xếp hạng",active,
Quản lý thành viên/role,?randomavt,prefix,Random avatar từ album,Không thấy kiểm tra rõ trong nhánh quét,src/events/client/messageCreate.js:995,src/commands/apps/randomavt.js,"?randomavt, ?rda - Random avatar từ album",active,
Quản lý thành viên/role,?rda,alias,Random avatar từ album,Không thấy kiểm tra rõ trong nhánh quét,src/events/client/messageCreate.js:995,src/commands/apps/randomavt.js,"?randomavt, ?rda - Random avatar từ album",active,
Ứng dụng tiện ích,?dich,prefix,Dịch tin nhắn phía trên sang tiếng Việt,Không thấy kiểm tra rõ trong nhánh quét,src/events/client/messageCreate.js:1001,src/commands/apps/dich.js,"?dich, ?translate, ?dichtiengviet - Dịch tin nhắn phía trên sang tiếng Việt",active,
Ứng dụng tiện ích,?translate,alias,Dịch tin nhắn phía trên sang tiếng Việt,Không thấy kiểm tra rõ trong nhánh quét,src/events/client/messageCreate.js:1001,src/commands/apps/dich.js,"?dich, ?translate, ?dichtiengviet - Dịch tin nhắn phía trên sang tiếng Việt",active,
Ứng dụng tiện ích,?dichtiengviet,alias,Dịch tin nhắn phía trên sang tiếng Việt,Không thấy kiểm tra rõ trong nhánh quét,src/events/client/messageCreate.js:1001,src/commands/apps/dich.js,"?dich, ?translate, ?dichtiengviet - Dịch tin nhắn phía trên sang tiếng Việt",active,
Quản lý thành viên/role,?setavt,prefix,Set custom avatar,Role Quản Lý,src/events/client/messageCreate.js:1007,src/commands/quanly/setavt.js,"?setavt, ?setavatar, ?avatar, ?avt - Set custom avatar",active,
Quản lý thành viên/role,?setavatar,alias,Set custom avatar,Role Quản Lý,src/events/client/messageCreate.js:1007,src/commands/quanly/setavt.js,"?setavt, ?setavatar, ?avatar, ?avt - Set custom avatar",active,
Quản lý thành viên/role,?avatar,alias,Set custom avatar,Role Quản Lý,src/events/client/messageCreate.js:1007,src/commands/quanly/setavt.js,"?setavt, ?setavatar, ?avatar, ?avt - Set custom avatar",active,
Quản lý thành viên/role,?avt,alias,Set custom avatar,Role Quản Lý,src/events/client/messageCreate.js:1007,src/commands/quanly/setavt.js,"?setavt, ?setavatar, ?avatar, ?avt - Set custom avatar",active,
Quản lý thành viên/role,?delavt,prefix,Xóa custom avatar,Không thấy kiểm tra rõ trong nhánh quét,src/events/client/messageCreate.js:1017,src/commands/quanly/delavt.js,"?delavt, ?delavatar, ?removeavt, ?clearavt - Xóa custom avatar",active,
Quản lý thành viên/role,?delavatar,alias,Xóa custom avatar,Không thấy kiểm tra rõ trong nhánh quét,src/events/client/messageCreate.js:1017,src/commands/quanly/delavt.js,"?delavt, ?delavatar, ?removeavt, ?clearavt - Xóa custom avatar",active,
Quản lý thành viên/role,?removeavt,alias,Xóa custom avatar,Không thấy kiểm tra rõ trong nhánh quét,src/events/client/messageCreate.js:1017,src/commands/quanly/delavt.js,"?delavt, ?delavatar, ?removeavt, ?clearavt - Xóa custom avatar",active,
Quản lý thành viên/role,?removeavatar,alias,Xóa custom avatar,Không thấy kiểm tra rõ trong nhánh quét,src/events/client/messageCreate.js:1017,src/commands/quanly/delavt.js,"?delavt, ?delavatar, ?removeavt, ?clearavt - Xóa custom avatar",active,
Quản lý thành viên/role,?clearavt,alias,Xóa custom avatar,Không thấy kiểm tra rõ trong nhánh quét,src/events/client/messageCreate.js:1017,src/commands/quanly/delavt.js,"?delavt, ?delavatar, ?removeavt, ?clearavt - Xóa custom avatar",active,
Quản lý thành viên/role,?clearallavt,prefix,Xóa TẤT CẢ custom avatar (Owner only),Owner/whitelist,src/events/client/messageCreate.js:1023,src/commands/quanly/clearallavt.js,"?clearallavt, ?xoahetatv, ?delavtall - Xóa TẤT CẢ custom avatar (Owner only)",active,
Quản lý thành viên/role,?xoahetatv,alias,Xóa TẤT CẢ custom avatar (Owner only),Owner/whitelist,src/events/client/messageCreate.js:1023,src/commands/quanly/clearallavt.js,"?clearallavt, ?xoahetatv, ?delavtall - Xóa TẤT CẢ custom avatar (Owner only)",active,
Quản lý thành viên/role,?delavtall,alias,Xóa TẤT CẢ custom avatar (Owner only),Owner/whitelist,src/events/client/messageCreate.js:1023,src/commands/quanly/clearallavt.js,"?clearallavt, ?xoahetatv, ?delavtall - Xóa TẤT CẢ custom avatar (Owner only)",active,
Quản lý thành viên/role,?banavt,prefix,?banavt @user - Ban user không được set avatar (Kỳ Cựu trở lên),Owner/whitelist,src/events/client/messageCreate.js:1029,src/events/client/messageCreate.js,?banavt @user - Ban user không được set avatar (Kỳ Cựu trở lên),active,
Quản lý thành viên/role,?unbanavt,prefix,?unbanavt @user - Gỡ ban avatar cho user,Owner/whitelist,src/events/client/messageCreate.js:1049,src/events/client/messageCreate.js,?unbanavt @user - Gỡ ban avatar cho user,active,
Quản lý thành viên/role,?xoabc,prefix,Delete Bang Chủ,Role Quản Lý,src/events/client/messageCreate.js:1069,src/commands/quanly/xoabc.js,?xoabc - Delete Bang Chủ,active,
Quản lý thành viên/role,?xoapbc,prefix,Delete Phó Bang Chủ,Role Quản Lý,src/events/client/messageCreate.js:1074,src/commands/quanly/xoapbc.js,?xoapbc - Delete Phó Bang Chủ,active,
Quản lý thành viên/role,?listmem,prefix,List active members,Role Kỳ Cựu,src/events/client/messageCreate.js:1079,src/commands/quanly/listmem.js,"?listmem, ?dsmem, ?dstv - List active members",active,
Quản lý thành viên/role,?dsmem,alias,List active members,Role Kỳ Cựu,src/events/client/messageCreate.js:1079,src/commands/quanly/listmem.js,"?listmem, ?dsmem, ?dstv - List active members",active,
Quản lý thành viên/role,?dstv,alias,List active members,Role Kỳ Cựu,src/events/client/messageCreate.js:1079,src/commands/quanly/listmem.js,"?listmem, ?dsmem, ?dstv - List active members",active,
Quản lý thành viên/role,?checkmem,prefix,Kiểm tra thành viên đã rời server,Role LangGia/điều kiện guild,src/events/client/messageCreate.js:1084,src/commands/quanly/checkmem.js,"?checkmem, ?kiemtramem - Kiểm tra thành viên đã rời server",active,
Quản lý thành viên/role,?kiemtramem,alias,Kiểm tra thành viên đã rời server,Role LangGia/điều kiện guild,src/events/client/messageCreate.js:1084,src/commands/quanly/checkmem.js,"?checkmem, ?kiemtramem - Kiểm tra thành viên đã rời server",active,
Quản lý thành viên/role,?checkroi,alias,Kiểm tra thành viên đã rời server,Role LangGia/điều kiện guild,src/events/client/messageCreate.js:1084,src/commands/quanly/checkmem.js,"?checkmem, ?kiemtramem - Kiểm tra thành viên đã rời server",active,
Quản lý thành viên/role,?listid,prefix,List pending IDs from ?addid,Không thấy kiểm tra rõ trong nhánh quét,src/events/client/messageCreate.js:1090,src/commands/quanly/listid.js,"?listid, ?listcho - List pending IDs from ?addid",active,
Quản lý thành viên/role,?listcho,alias,List pending IDs from ?addid,Không thấy kiểm tra rõ trong nhánh quét,src/events/client/messageCreate.js:1090,src/commands/quanly/listid.js,"?listid, ?listcho - List pending IDs from ?addid",active,
Quản lý thành viên/role,?listallmem,prefix,List ALL members including left,Role Kỳ Cựu,src/events/client/messageCreate.js:1095,src/commands/quanly/listallmem.js,?listallmem - List ALL members including left,active,
Quản lý thành viên/role,?roiguild,prefix,?roiguild @user - Mark member as left,Role Quản Lý,src/events/client/messageCreate.js:1100,src/commands/quanly/roiguild.js,?roiguild @user - Mark member as left,active,
Quản lý thành viên/role,?rsrejoin,prefix,Reset rejoin count (Quản Lý only),Role Quản Lý,src/events/client/messageCreate.js:1105,src/commands/quanly/rsrejoin.js,"?rsrejoin, ?rsrj - Reset rejoin count (Quản Lý only)",active,
Quản lý thành viên/role,?rsrj,alias,Reset rejoin count (Quản Lý only),Role Quản Lý,src/events/client/messageCreate.js:1105,src/commands/quanly/rsrejoin.js,"?rsrejoin, ?rsrj - Reset rejoin count (Quản Lý only)",active,
Quản lý thành viên/role,?xoamem,prefix,Xóa thành viên khỏi database (BC/PBC/KC),Role Quản Lý,src/events/client/messageCreate.js:1110,src/commands/quanly/xoamem.js,?xoamem - Xóa thành viên khỏi database (BC/PBC/KC),active,
Quản lý thành viên/role,?xoamemngoaiserver,prefix,Dọn thành viên trong database không còn ở server Discord.,Owner/whitelist,src/events/client/messageCreate.js:1114,src/commands/quanly/xoamemngoaiserver.js,,active,
Quản lý thành viên/role,?donmemngoaiserver,alias,Dọn thành viên trong database không còn ở server Discord.,Owner/whitelist,src/events/client/messageCreate.js:1114,src/commands/quanly/xoamemngoaiserver.js,,active,
Quản lý thành viên/role,?cleanmemserver,alias,Dọn thành viên trong database không còn ở server Discord.,Owner/whitelist,src/events/client/messageCreate.js:1114,src/commands/quanly/xoamemngoaiserver.js,,active,
Quản lý thành viên/role,?locmem,prefix,Lọc thành viên có role LangGia nhưng không trong database,Role Quản Lý,src/events/client/messageCreate.js:1119,src/commands/quanly/locmem.js,?locmem - Lọc thành viên có role LangGia nhưng không trong database,active,
Minigame/Economy,?themtien,prefix,Add Hạt to user (Quản Lý only),Owner/whitelist,src/events/client/messageCreate.js:1124,src/commands/admin/minigame/themtien.js,?themtien - Add Hạt to user (Quản Lý only),active,
Gieo quẻ/Cầu duyên,?gieoque,prefix,Gieo quẻ mỗi ngày,Role LangGia/điều kiện guild,src/events/client/messageCreate.js:1129,src/commands/gieoque/gieoque.js,"?gieoque, ?xinque, ?xq - Gieo quẻ mỗi ngày",active,
Gieo quẻ/Cầu duyên,?xinque,alias,Gieo quẻ mỗi ngày,Role LangGia/điều kiện guild,src/events/client/messageCreate.js:1129,src/commands/gieoque/gieoque.js,"?gieoque, ?xinque, ?xq - Gieo quẻ mỗi ngày",active,
Gieo quẻ/Cầu duyên,?xq,alias,Gieo quẻ mỗi ngày,Role LangGia/điều kiện guild,src/events/client/messageCreate.js:1129,src/commands/gieoque/gieoque.js,"?gieoque, ?xinque, ?xq - Gieo quẻ mỗi ngày",active,
Gieo quẻ/Cầu duyên,?buxu,alias,Gieo quẻ mỗi ngày,Role LangGia/điều kiện guild,src/events/client/messageCreate.js:1129,src/commands/gieoque/gieoque.js,"?gieoque, ?xinque, ?xq - Gieo quẻ mỗi ngày",active,
Gieo quẻ/Cầu duyên,?cauduyen,prefix,Cầu duyên (tình yêu),Role LangGia/điều kiện guild,src/events/client/messageCreate.js:1139,src/commands/gieoque/cauduyen.js,"?cauduyen, ?cd - Cầu duyên (tình yêu)",active,
Gieo quẻ/Cầu duyên,?cd,alias,Cầu duyên (tình yêu),Role LangGia/điều kiện guild,src/events/client/messageCreate.js:1139,src/commands/gieoque/cauduyen.js,"?cauduyen, ?cd - Cầu duyên (tình yêu)",active,
Minigame/Economy,?xoahet,prefix,"Delete all equipment, items and currency (Quản Lý only)",Owner/whitelist,src/events/client/messageCreate.js:1149,src/events/client/messageCreate.js,"?xoahet - Delete all equipment, items and currency (Quản Lý only)",unclear,Không resolve được biến handler `xoahetCommand` từ import top-level; cần kiểm tra thủ công.
Minigame/Economy,?add,prefix,Add items to user (owner only),Owner/whitelist,src/events/client/messageCreate.js:1154,src/commands/admin/minigame/additem.js,?add - Add items to user (owner only),active,
Minigame/Economy,?resetplayer,prefix,Reset all minigame data (owner only),Owner/whitelist,src/events/client/messageCreate.js:1160,src/commands/admin/minigame/resetplayer.js,?resetplayer - Reset all minigame data (owner only),active,
Minigame/Economy,?reset,prefix,Reset your own minigame data (owner only),Owner/whitelist,src/events/client/messageCreate.js:1166,src/commands/admin/minigame/resetplayer.js,?reset - Reset your own minigame data (owner only),active,
Minigame/Economy,?resetplayer,prefix,?resetplayer @user - Reset a player's minigame data (owner only),Owner/whitelist,src/events/client/messageCreate.js:1171,src/commands/admin/minigame/resetplayer.js,?resetplayer @user - Reset a player's minigame data (owner only),unclear,Trùng alias; nhánh tại src/events/client/messageCreate.js:1160 sẽ bắt trước nhánh này.
Minigame/Economy,?resetallplayer,prefix,Reset ALL players' minigame data (owner only),Owner/whitelist,src/events/client/messageCreate.js:1176,src/commands/admin/minigame/resetallplayer.js,?resetallplayer - Reset ALL players' minigame data (owner only),active,
Minigame/Economy,?cleardung,prefix,Clear dungeon sessions (owner only),Owner/whitelist,src/events/client/messageCreate.js:1182,src/commands/admin/minigame/cleardung.js,?cleardung - Clear dungeon sessions (owner only),active,
Minigame/Economy,?dungclear,alias,Clear dungeon sessions (owner only),Owner/whitelist,src/events/client/messageCreate.js:1182,src/commands/admin/minigame/cleardung.js,?cleardung - Clear dungeon sessions (owner only),active,
Minigame/Economy,?resetdung,alias,Clear dungeon sessions (owner only),Owner/whitelist,src/events/client/messageCreate.js:1182,src/commands/admin/minigame/cleardung.js,?cleardung - Clear dungeon sessions (owner only),active,
Thông báo/Boss/Lịch,?xoatoanbodanhsachthanhvien,prefix,Delete all members (owner only),Owner/whitelist,src/events/client/messageCreate.js:1187,src/commands/admin/thongbao/xoatoanbodanhsachthanhvien.js,?xoatoanbodanhsachthanhvien - Delete all members (owner only),active,
Admin/Hệ thống,?gonah,prefix,Special message,Không thấy kiểm tra rõ trong nhánh quét,src/events/client/messageCreate.js:1192,src/commands/admin/gonah.js,?gonah - Special message,active,
Admin/Hệ thống,?nominigame,prefix,Block/unblock minigame in channel,Owner/whitelist,src/events/client/messageCreate.js:1198,src/commands/admin/nominigame.js,?nominigame - Block/unblock minigame in channel,active,
Booster voice room,?setbooster,prefix,[DISABLED] Các lệnh cũ đã thay bằng ?setbooster panel | ?boostroom / ?br / ?myroom | ?delboostroom / ?dbr | ?setboostcategory | ?setbooster <Category ID> - Thiết lập Booster Panel + category,Owner/whitelist,src/events/client/messageCreate.js:1209,src/commands/booster/setbooster.js,[DISABLED] Các lệnh cũ đã thay bằng ?setbooster panel | ?boostroom / ?br / ?myroom | ?delboostroom / ?dbr | ?setboostcategory | ?setbooster <Category ID> - Thiết lập Booster Panel + category,active,
Booster voice room,?addvip,prefix,Thêm người dùng vào danh sách VIP Booster Room,Owner/whitelist,src/events/client/messageCreate.js:1215,src/commands/booster/addvip.js,?addvip - Thêm người dùng vào danh sách VIP Booster Room,active,
Booster voice room,?rmvip,prefix,Gỡ người dùng khỏi danh sách VIP Booster Room,Owner/whitelist,src/events/client/messageCreate.js:1221,src/commands/booster/rmvip.js,?rmvip - Gỡ người dùng khỏi danh sách VIP Booster Room,active,
Admin/Hệ thống,?setchannelanh,prefix,Set channel làm Phòng Ảnh (Quản Lý only),Admin/quyền Discord,src/events/client/messageCreate.js:1227,src/commands/admin/setchannelanh.js,?setchannelanh - Set channel làm Phòng Ảnh (Quản Lý only),active,
Admin/Hệ thống,?setchannelphonganh,alias,Set channel làm Phòng Ảnh (Quản Lý only),Admin/quyền Discord,src/events/client/messageCreate.js:1227,src/commands/admin/setchannelanh.js,?setchannelanh - Set channel làm Phòng Ảnh (Quản Lý only),active,
Admin/Hệ thống,?phonganh,alias,Set channel làm Phòng Ảnh (Quản Lý only),Admin/quyền Discord,src/events/client/messageCreate.js:1227,src/commands/admin/setchannelanh.js,?setchannelanh - Set channel làm Phòng Ảnh (Quản Lý only),active,
Admin/Hệ thống,?setlevelup,prefix,Set kênh nhận thông báo Level Up (Quản Lý only),Admin/quyền Discord,src/events/client/messageCreate.js:1233,src/commands/admin/setlevelup.js,?setlevelup - Set kênh nhận thông báo Level Up (Quản Lý only),active,
Admin/Hệ thống,?setlvup,alias,Set kênh nhận thông báo Level Up (Quản Lý only),Admin/quyền Discord,src/events/client/messageCreate.js:1233,src/commands/admin/setlevelup.js,?setlevelup - Set kênh nhận thông báo Level Up (Quản Lý only),active,
Admin/Hệ thống,?setlvl,alias,Set kênh nhận thông báo Level Up (Quản Lý only),Admin/quyền Discord,src/events/client/messageCreate.js:1233,src/commands/admin/setlevelup.js,?setlevelup - Set kênh nhận thông báo Level Up (Quản Lý only),active,
Ứng dụng tiện ích,?album,prefix,Xem album ảnh của bạn,Không thấy kiểm tra rõ trong nhánh quét,src/events/client/messageCreate.js:1239,src/commands/apps/album.js,?album - Xem album ảnh của bạn,active,
Ứng dụng tiện ích,?xemanh,alias,Xem album ảnh của bạn,Không thấy kiểm tra rõ trong nhánh quét,src/events/client/messageCreate.js:1239,src/commands/apps/album.js,?album - Xem album ảnh của bạn,active,
Ứng dụng tiện ích,?myalbum,alias,Xem album ảnh của bạn,Không thấy kiểm tra rõ trong nhánh quét,src/events/client/messageCreate.js:1239,src/commands/apps/album.js,?album - Xem album ảnh của bạn,active,
Ứng dụng tiện ích,?anh,alias,Xem album ảnh của bạn,Không thấy kiểm tra rõ trong nhánh quét,src/events/client/messageCreate.js:1239,src/commands/apps/album.js,?album - Xem album ảnh của bạn,active,
Quản lý thành viên/role,?helpphonganh,prefix,Hướng dẫn sử dụng Phòng Ảnh,Role Quản Lý,src/events/client/messageCreate.js:1249,src/commands/quanly/helpphonganh.js,?helpphonganh - Hướng dẫn sử dụng Phòng Ảnh,active,
Quản lý thành viên/role,?helppa,alias,Hướng dẫn sử dụng Phòng Ảnh,Role Quản Lý,src/events/client/messageCreate.js:1249,src/commands/quanly/helpphonganh.js,?helpphonganh - Hướng dẫn sử dụng Phòng Ảnh,active,
Quản lý thành viên/role,?hdphonganh,alias,Hướng dẫn sử dụng Phòng Ảnh,Role Quản Lý,src/events/client/messageCreate.js:1249,src/commands/quanly/helpphonganh.js,?helpphonganh - Hướng dẫn sử dụng Phòng Ảnh,active,
Quản lý thành viên/role,?albumhelp,alias,Hướng dẫn sử dụng Phòng Ảnh,Role Quản Lý,src/events/client/messageCreate.js:1249,src/commands/quanly/helpphonganh.js,?helpphonganh - Hướng dẫn sử dụng Phòng Ảnh,active,
Admin/Hệ thống,?clearallalbum,prefix,Xoá TẤT CẢ ảnh trong Album (Owner only),Owner/whitelist,src/events/client/messageCreate.js:1255,src/commands/admin/clearallalbum.js,"?clearallalbum, ?xoahetalbum, ?delallalbum - Xoá TẤT CẢ ảnh trong Album (Owner only)",active,
Admin/Hệ thống,?xoahetalbum,alias,Xoá TẤT CẢ ảnh trong Album (Owner only),Owner/whitelist,src/events/client/messageCreate.js:1255,src/commands/admin/clearallalbum.js,"?clearallalbum, ?xoahetalbum, ?delallalbum - Xoá TẤT CẢ ảnh trong Album (Owner only)",active,
Admin/Hệ thống,?delallalbum,alias,Xoá TẤT CẢ ảnh trong Album (Owner only),Owner/whitelist,src/events/client/messageCreate.js:1255,src/commands/admin/clearallalbum.js,"?clearallalbum, ?xoahetalbum, ?delallalbum - Xoá TẤT CẢ ảnh trong Album (Owner only)",active,
Admin/Hệ thống,?clearalbum,alias,Xoá TẤT CẢ ảnh trong Album (Owner only),Owner/whitelist,src/events/client/messageCreate.js:1255,src/commands/admin/clearallalbum.js,"?clearallalbum, ?xoahetalbum, ?delallalbum - Xoá TẤT CẢ ảnh trong Album (Owner only)",active,
Loto,?loto,prefix,Random số lô tô,Owner/whitelist,src/events/client/messageCreate.js:1264,src/commands/loto/loto.js,"LOTO COMMANDS | ?loto, ?lt - Random số lô tô",active,
Loto,?lt,alias,Random số lô tô,Owner/whitelist,src/events/client/messageCreate.js:1264,src/commands/loto/loto.js,"LOTO COMMANDS | ?loto, ?lt - Random số lô tô",active,
Loto,?lotocheck,prefix,Check số đã/chưa đọc,Không thấy kiểm tra rõ trong nhánh quét,src/events/client/messageCreate.js:1270,src/commands/loto/lotocheck.js,"?lotocheck, ?ltc - Check số đã/chưa đọc",active,
Loto,?ltc,alias,Check số đã/chưa đọc,Không thấy kiểm tra rõ trong nhánh quét,src/events/client/messageCreate.js:1270,src/commands/loto/lotocheck.js,"?lotocheck, ?ltc - Check số đã/chưa đọc",active,
Loto,?lotoend,prefix,Kết thúc ván,Không thấy kiểm tra rõ trong nhánh quét,src/events/client/messageCreate.js:1276,src/commands/loto/lotoend.js,"?lotoend, ?lte - Kết thúc ván",active,
Loto,?lte,alias,Kết thúc ván,Không thấy kiểm tra rõ trong nhánh quét,src/events/client/messageCreate.js:1276,src/commands/loto/lotoend.js,"?lotoend, ?lte - Kết thúc ván",active,
Loto,?lotorollback,prefix,Rollback ván đã end,Không thấy kiểm tra rõ trong nhánh quét,src/events/client/messageCreate.js:1282,src/commands/loto/lotorollback.js,"?lotorollback, ?ltrb - Rollback ván đã end",active,
Loto,?ltrb,alias,Rollback ván đã end,Không thấy kiểm tra rõ trong nhánh quét,src/events/client/messageCreate.js:1282,src/commands/loto/lotorollback.js,"?lotorollback, ?ltrb - Rollback ván đã end",active,
Loto,?lotothem,prefix,Thêm số vào sàn,Không thấy kiểm tra rõ trong nhánh quét,src/events/client/messageCreate.js:1288,src/commands/loto/lotothem.js,"?lotothem, ?ltt - Thêm số vào sàn",active,
Loto,?ltt,alias,Thêm số vào sàn,Không thấy kiểm tra rõ trong nhánh quét,src/events/client/messageCreate.js:1288,src/commands/loto/lotothem.js,"?lotothem, ?ltt - Thêm số vào sàn",active,
Loto,?lotobo,prefix,Bỏ số khỏi sàn,Không thấy kiểm tra rõ trong nhánh quét,src/events/client/messageCreate.js:1294,src/commands/loto/lotobo.js,"?lotobo, ?ltb - Bỏ số khỏi sàn",active,
Loto,?ltb,alias,Bỏ số khỏi sàn,Không thấy kiểm tra rõ trong nhánh quét,src/events/client/messageCreate.js:1294,src/commands/loto/lotobo.js,"?lotobo, ?ltb - Bỏ số khỏi sàn",active,
Loto,?lotoalbum,prefix,Xem album lá Loto,Không thấy kiểm tra rõ trong nhánh quét,src/events/client/messageCreate.js:1300,src/commands/loto/lotoalbum.js,"?lotoalbum, ?lta - Xem album lá Loto",active,
Loto,?lta,alias,Xem album lá Loto,Không thấy kiểm tra rõ trong nhánh quét,src/events/client/messageCreate.js:1300,src/commands/loto/lotoalbum.js,"?lotoalbum, ?lta - Xem album lá Loto",active,
Loto,?lotohelp,prefix,Hướng dẫn chơi Loto,Admin/quyền Discord,src/events/client/messageCreate.js:1306,src/commands/loto/lotohelp.js,"?lotohelp, ?lth - Hướng dẫn chơi Loto",active,
Loto,?lth,alias,Hướng dẫn chơi Loto,Admin/quyền Discord,src/events/client/messageCreate.js:1306,src/commands/loto/lotohelp.js,"?lotohelp, ?lth - Hướng dẫn chơi Loto",active,
Ứng dụng tiện ích,?random,prefix,APPS COMMANDS | ?random <min> <max> - Generate random number,Không thấy kiểm tra rõ trong nhánh quét,src/events/client/messageCreate.js:1314,src/commands/apps/random.js,APPS COMMANDS | ?random <min> <max> - Generate random number,active,
Ứng dụng tiện ích,?rteam,prefix,Random chia 2 team,Không thấy kiểm tra rõ trong nhánh quét,src/events/client/messageCreate.js:1319,src/commands/apps/rteam.js,"?rteam, ?rt, ?randomteam - Random chia 2 team",active,
Ứng dụng tiện ích,?rt,alias,Random chia 2 team,Không thấy kiểm tra rõ trong nhánh quét,src/events/client/messageCreate.js:1319,src/commands/apps/rteam.js,"?rteam, ?rt, ?randomteam - Random chia 2 team",active,
Ứng dụng tiện ích,?randomteam,alias,Random chia 2 team,Không thấy kiểm tra rõ trong nhánh quét,src/events/client/messageCreate.js:1319,src/commands/apps/rteam.js,"?rteam, ?rt, ?randomteam - Random chia 2 team",active,
Ứng dụng tiện ích,?rrteam,prefix,Random lại kết quả chia đội trước đó,Không thấy kiểm tra rõ trong nhánh quét,src/events/client/messageCreate.js:1325,src/commands/apps/rteam.js,"?rrteam, ?rrt - Random lại kết quả chia đội trước đó",active,
Ứng dụng tiện ích,?rrt,alias,Random lại kết quả chia đội trước đó,Không thấy kiểm tra rõ trong nhánh quét,src/events/client/messageCreate.js:1325,src/commands/apps/rteam.js,"?rrteam, ?rrt - Random lại kết quả chia đội trước đó",active,
Ứng dụng tiện ích,?chon,prefix,?chon <options> - Random select from options,Không thấy kiểm tra rõ trong nhánh quét,src/events/client/messageCreate.js:1331,src/commands/apps/chon.js,?chon <options> - Random select from options,active,
Ứng dụng tiện ích,?join,prefix,TTS Voice commands,Không thấy kiểm tra rõ trong nhánh quét,src/events/client/messageCreate.js:1336,src/commands/apps/tts.js,"?join, ?leave, ?stop - TTS Voice commands",active,
Ứng dụng tiện ích,?leave,alias,TTS Voice commands,Không thấy kiểm tra rõ trong nhánh quét,src/events/client/messageCreate.js:1336,src/commands/apps/tts.js,"?join, ?leave, ?stop - TTS Voice commands",active,
Ứng dụng tiện ích,?stop,alias,TTS Voice commands,Không thấy kiểm tra rõ trong nhánh quét,src/events/client/messageCreate.js:1336,src/commands/apps/tts.js,"?join, ?leave, ?stop - TTS Voice commands",active,
Ứng dụng tiện ích,?spam,prefix,Tạo chủ đề mới để spam lệnh (hoặc tag vào chủ đề cũ),Owner/whitelist,src/events/client/messageCreate.js:1342,src/events/client/messageCreate.js,?spam - Tạo chủ đề mới để spam lệnh (hoặc tag vào chủ đề cũ),active,
Ứng dụng tiện ích,?vote,prefix,Bình chọn tùy chỉnh,Không thấy kiểm tra rõ trong nhánh quét,src/events/client/messageCreate.js:1430,src/commands/apps/vote.js,"?vote, ?poll, ?binhchon - Bình chọn tùy chỉnh",active,
Ứng dụng tiện ích,?poll,alias,Bình chọn tùy chỉnh,Không thấy kiểm tra rõ trong nhánh quét,src/events/client/messageCreate.js:1430,src/commands/apps/vote.js,"?vote, ?poll, ?binhchon - Bình chọn tùy chỉnh",active,
Ứng dụng tiện ích,?binhchon,alias,Bình chọn tùy chỉnh,Không thấy kiểm tra rõ trong nhánh quét,src/events/client/messageCreate.js:1430,src/commands/apps/vote.js,"?vote, ?poll, ?binhchon - Bình chọn tùy chỉnh",active,
Ứng dụng tiện ích,?voteevent,prefix,Bình chọn lịch sự kiện Guild (legacy),Owner/whitelist,src/events/client/messageCreate.js:1436,src/commands/apps/voteevent.js,"?voteevent, ?votesukien - Bình chọn lịch sự kiện Guild (legacy)",active,
Ứng dụng tiện ích,?votesukien,alias,Bình chọn lịch sự kiện Guild (legacy),Owner/whitelist,src/events/client/messageCreate.js:1436,src/commands/apps/voteevent.js,"?voteevent, ?votesukien - Bình chọn lịch sự kiện Guild (legacy)",active,
Ứng dụng tiện ích,?votelich,alias,Bình chọn lịch sự kiện Guild (legacy),Owner/whitelist,src/events/client/messageCreate.js:1436,src/commands/apps/voteevent.js,"?voteevent, ?votesukien - Bình chọn lịch sự kiện Guild (legacy)",active,
Ứng dụng tiện ích,?voteyentiec,prefix,Bình chọn giờ Yến Tiệc,Owner/whitelist,src/events/client/messageCreate.js:1442,src/commands/apps/voteyentiec.js,?voteyentiec - Bình chọn giờ Yến Tiệc,active,
Thông báo/Boss/Lịch,?votebosssolo,prefix,Bình chọn lịch Boss Solo,Role Quản Lý,src/events/client/messageCreate.js:1448,src/commands/apps/votebosssolo.js,"?votebosssolo, ?voteboss - Bình chọn lịch Boss Solo",active,
Thông báo/Boss/Lịch,?voteboss,alias,Bình chọn lịch Boss Solo,Role Quản Lý,src/events/client/messageCreate.js:1448,src/commands/apps/votebosssolo.js,"?votebosssolo, ?voteboss - Bình chọn lịch Boss Solo",active,
Ứng dụng tiện ích,?votepvpsolo,prefix,Bình chọn lịch PvP Solo,Role Quản Lý,src/events/client/messageCreate.js:1454,src/commands/apps/votepvpsolo.js,"?votepvpsolo, ?votepvp - Bình chọn lịch PvP Solo",active,
Ứng dụng tiện ích,?votepvp,alias,Bình chọn lịch PvP Solo,Role Quản Lý,src/events/client/messageCreate.js:1454,src/commands/apps/votepvpsolo.js,"?votepvpsolo, ?votepvp - Bình chọn lịch PvP Solo",active,
Ứng dụng tiện ích,?votegioevent,prefix,Bình chọn GIỜ sự kiện (legacy),Role Quản Lý,src/events/client/messageCreate.js:1460,src/commands/apps/votegioevent.js,"?votegioevent, ?votegio - Bình chọn GIỜ sự kiện (legacy)",active,
Ứng dụng tiện ích,?votegio,alias,Bình chọn GIỜ sự kiện (legacy),Role Quản Lý,src/events/client/messageCreate.js:1460,src/commands/apps/votegioevent.js,"?votegioevent, ?votegio - Bình chọn GIỜ sự kiện (legacy)",active,
Ứng dụng tiện ích,?votengayevent,prefix,Bình chọn NGÀY sự kiện (legacy),Role Quản Lý,src/events/client/messageCreate.js:1466,src/commands/apps/votengayevent.js,"?votengayevent, ?votengay - Bình chọn NGÀY sự kiện (legacy)",active,
Ứng dụng tiện ích,?votengay,alias,Bình chọn NGÀY sự kiện (legacy),Role Quản Lý,src/events/client/messageCreate.js:1466,src/commands/apps/votengayevent.js,"?votengayevent, ?votengay - Bình chọn NGÀY sự kiện (legacy)",active,
Thông báo/Boss/Lịch,?dsdk,prefix,Xem danh sách đăng ký trước (+1),Owner/whitelist,src/events/client/messageCreate.js:1474,src/events/client/messageCreate.js,"BOSS GUILD COMMANDS | ?dsdk, ?dsdangky - Xem danh sách đăng ký trước (+1)",active,
Thông báo/Boss/Lịch,?dsdangky,alias,Xem danh sách đăng ký trước (+1),Owner/whitelist,src/events/client/messageCreate.js:1474,src/events/client/messageCreate.js,"BOSS GUILD COMMANDS | ?dsdk, ?dsdangky - Xem danh sách đăng ký trước (+1)",active,
Thông báo/Boss/Lịch,?prereg,alias,Xem danh sách đăng ký trước (+1),Owner/whitelist,src/events/client/messageCreate.js:1474,src/events/client/messageCreate.js,"BOSS GUILD COMMANDS | ?dsdk, ?dsdangky - Xem danh sách đăng ký trước (+1)",active,
Thông báo/Boss/Lịch,?bossguild,prefix,Bắt đầu thông báo Boss Guild,Role Kỳ Cựu,src/events/client/messageCreate.js:1502,src/commands/thongbao/bossguild.js,"?bossguild, ?bg, ?dkboss, ?dangkyboss - Bắt đầu thông báo Boss Guild",active,
Thông báo/Boss/Lịch,?bg,alias,Bắt đầu thông báo Boss Guild,Role Kỳ Cựu,src/events/client/messageCreate.js:1502,src/commands/thongbao/bossguild.js,"?bossguild, ?bg, ?dkboss, ?dangkyboss - Bắt đầu thông báo Boss Guild",active,
Thông báo/Boss/Lịch,?dkboss,alias,Bắt đầu thông báo Boss Guild,Role Kỳ Cựu,src/events/client/messageCreate.js:1502,src/commands/thongbao/bossguild.js,"?bossguild, ?bg, ?dkboss, ?dangkyboss - Bắt đầu thông báo Boss Guild",active,
Thông báo/Boss/Lịch,?dangkyboss,alias,Bắt đầu thông báo Boss Guild,Role Kỳ Cựu,src/events/client/messageCreate.js:1502,src/commands/thongbao/bossguild.js,"?bossguild, ?bg, ?dkboss, ?dangkyboss - Bắt đầu thông báo Boss Guild",active,
Thông báo/Boss/Lịch,?lichboss,prefix,Gửi embed lịch Boss Guild,Không thấy kiểm tra rõ trong nhánh quét,src/events/client/messageCreate.js:1507,src/commands/thongbao/lichboss.js,"?lichboss, ?lichguild - Gửi embed lịch Boss Guild",active,
Thông báo/Boss/Lịch,?lichguild,alias,Gửi embed lịch Boss Guild,Không thấy kiểm tra rõ trong nhánh quét,src/events/client/messageCreate.js:1507,src/commands/thongbao/lichboss.js,"?lichboss, ?lichguild - Gửi embed lịch Boss Guild",active,
Thông báo/Boss/Lịch,?bosschedule,alias,Gửi embed lịch Boss Guild,Không thấy kiểm tra rõ trong nhánh quét,src/events/client/messageCreate.js:1507,src/commands/thongbao/lichboss.js,"?lichboss, ?lichguild - Gửi embed lịch Boss Guild",active,
Thông báo/Boss/Lịch,?doilichbossguild,prefix,Chỉnh sửa lịch Boss Guild,Admin/quyền Discord,src/events/client/messageCreate.js:1513,src/commands/thongbao/doilichbossguild.js,"?doilichbossguild, ?doilich - Chỉnh sửa lịch Boss Guild",active,
Thông báo/Boss/Lịch,?doilich,alias,Chỉnh sửa lịch Boss Guild,Admin/quyền Discord,src/events/client/messageCreate.js:1513,src/commands/thongbao/doilichbossguild.js,"?doilichbossguild, ?doilich - Chỉnh sửa lịch Boss Guild",active,
Thông báo/Boss/Lịch,?editbossschedule,alias,Chỉnh sửa lịch Boss Guild,Admin/quyền Discord,src/events/client/messageCreate.js:1513,src/commands/thongbao/doilichbossguild.js,"?doilichbossguild, ?doilich - Chỉnh sửa lịch Boss Guild",active,
Thông báo/Boss/Lịch,?bgrs,prefix,Reset danh sách đăng ký trước (+1),Owner/whitelist,src/events/client/messageCreate.js:1519,src/events/client/messageCreate.js,"?bgrs, ?bgreset, ?bossguildreset - Reset danh sách đăng ký trước (+1)",active,
Thông báo/Boss/Lịch,?bgreset,alias,Reset danh sách đăng ký trước (+1),Owner/whitelist,src/events/client/messageCreate.js:1519,src/events/client/messageCreate.js,"?bgrs, ?bgreset, ?bossguildreset - Reset danh sách đăng ký trước (+1)",active,
Thông báo/Boss/Lịch,?bossguildreset,alias,Reset danh sách đăng ký trước (+1),Owner/whitelist,src/events/client/messageCreate.js:1519,src/events/client/messageCreate.js,"?bgrs, ?bgreset, ?bossguildreset - Reset danh sách đăng ký trước (+1)",active,
Thông báo/Boss/Lịch,?lenhbossguild,prefix,Xem lệnh Boss Guild,Owner/whitelist,src/events/client/messageCreate.js:1531,src/events/client/messageCreate.js,"?lenhbossguild, ?lenhbg, ?lbg - Xem lệnh Boss Guild",active,
Thông báo/Boss/Lịch,?lenhbg,alias,Xem lệnh Boss Guild,Owner/whitelist,src/events/client/messageCreate.js:1531,src/events/client/messageCreate.js,"?lenhbossguild, ?lenhbg, ?lbg - Xem lệnh Boss Guild",active,
Thông báo/Boss/Lịch,?lbg,alias,Xem lệnh Boss Guild,Owner/whitelist,src/events/client/messageCreate.js:1531,src/events/client/messageCreate.js,"?lenhbossguild, ?lenhbg, ?lbg - Xem lệnh Boss Guild",active,
Bang Chiến,?bangchien,prefix,Đăng ký Bang Chiến,Owner/whitelist,src/events/client/messageCreate.js:1561,src/commands/bangchien/bangchien.js,"BANG CHIEN COMMANDS | ?bangchien, ?bc, ?dangkybangchien - Đăng ký Bang Chiến",active,
Bang Chiến,?bc,alias,Đăng ký Bang Chiến,Owner/whitelist,src/events/client/messageCreate.js:1561,src/commands/bangchien/bangchien.js,"BANG CHIEN COMMANDS | ?bangchien, ?bc, ?dangkybangchien - Đăng ký Bang Chiến",active,
Bang Chiến,?dangkybangchien,alias,Đăng ký Bang Chiến,Owner/whitelist,src/events/client/messageCreate.js:1561,src/commands/bangchien/bangchien.js,"BANG CHIEN COMMANDS | ?bangchien, ?bc, ?dangkybangchien - Đăng ký Bang Chiến",active,
Bang Chiến,?xemds,prefix,"Xem danh sách đăng ký đầy đủ (tạm thời, không bị cắt)",Không thấy kiểm tra rõ trong nhánh quét,src/events/client/messageCreate.js:1566,src/utils/bangchienState.js,"?xemds - Xem danh sách đăng ký đầy đủ (tạm thời, không bị cắt)",active,
Bang Chiến,?listbangchien,prefix,Xem chi tiết lần bang chiến gần nhất,Role Quản Lý,src/events/client/messageCreate.js:1601,src/commands/bangchien/listbangchien.js,"?listbangchien, ?listbc - Xem chi tiết lần bang chiến gần nhất",active,
Bang Chiến,?listbc,alias,Xem chi tiết lần bang chiến gần nhất,Role Quản Lý,src/events/client/messageCreate.js:1601,src/commands/bangchien/listbangchien.js,"?listbangchien, ?listbc - Xem chi tiết lần bang chiến gần nhất",active,
Bang Chiến,?bcend,prefix,Kết thúc BC (thay thế bcwin/bcthua),Owner/whitelist,src/events/client/messageCreate.js:1607,src/commands/bangchien/bcend.js,"?bcend, ?ketthucbc - Kết thúc BC (thay thế bcwin/bcthua)",active,
Bang Chiến,?ketthucbc,alias,Kết thúc BC (thay thế bcwin/bcthua),Owner/whitelist,src/events/client/messageCreate.js:1607,src/commands/bangchien/bcend.js,"?bcend, ?ketthucbc - Kết thúc BC (thay thế bcwin/bcthua)",active,
Bang Chiến,?endbc,alias,Kết thúc BC (thay thế bcwin/bcthua),Owner/whitelist,src/events/client/messageCreate.js:1607,src/commands/bangchien/bcend.js,"?bcend, ?ketthucbc - Kết thúc BC (thay thế bcwin/bcthua)",active,
Bang Chiến,?bcql,prefix,Panel quản lý Bang Chiến (chỉ Leader),Role Quản Lý,src/events/client/messageCreate.js:1613,src/commands/bangchien/bcquanly.js,"?bcql, ?bcquanly - Panel quản lý Bang Chiến (chỉ Leader)",active,
Bang Chiến,?bcquanly,alias,Panel quản lý Bang Chiến (chỉ Leader),Role Quản Lý,src/events/client/messageCreate.js:1613,src/commands/bangchien/bcquanly.js,"?bcql, ?bcquanly - Panel quản lý Bang Chiến (chỉ Leader)",active,
Bang Chiến,?bangchienquanly,alias,Panel quản lý Bang Chiến (chỉ Leader),Role Quản Lý,src/events/client/messageCreate.js:1613,src/commands/bangchien/bcquanly.js,"?bcql, ?bcquanly - Panel quản lý Bang Chiến (chỉ Leader)",active,
Gieo quẻ/Cầu duyên,?resetque,prefix,Reset lượt gieo quẻ,Owner/whitelist,src/events/client/messageCreate.js:1619,src/commands/gieoque/resetque.js,"?resetque, ?rsq - Reset lượt gieo quẻ",active,
Gieo quẻ/Cầu duyên,?rsq,alias,Reset lượt gieo quẻ,Owner/whitelist,src/events/client/messageCreate.js:1619,src/commands/gieoque/resetque.js,"?resetque, ?rsq - Reset lượt gieo quẻ",active,
Bang Chiến,?huybangchien,prefix,Huỷ phiên đăng ký Bang Chiến,Admin/quyền Discord,src/events/client/messageCreate.js:1624,src/commands/bangchien/huybangchien.js,"?huybangchien, ?huybc - Huỷ phiên đăng ký Bang Chiến",active,
Bang Chiến,?huybc,alias,Huỷ phiên đăng ký Bang Chiến,Admin/quyền Discord,src/events/client/messageCreate.js:1624,src/commands/bangchien/huybangchien.js,"?huybangchien, ?huybc - Huỷ phiên đăng ký Bang Chiến",active,
Bang Chiến,?bcswap,prefix,Đổi người giữa các team,Role Quản Lý,src/events/client/messageCreate.js:1630,src/commands/bangchien/bcswap.js,"?bcswap, ?bcdoi, ?doiteam - Đổi người giữa các team",active,
Bang Chiến,?bcdoi,alias,Đổi người giữa các team,Role Quản Lý,src/events/client/messageCreate.js:1630,src/commands/bangchien/bcswap.js,"?bcswap, ?bcdoi, ?doiteam - Đổi người giữa các team",active,
Bang Chiến,?doiteam,alias,Đổi người giữa các team,Role Quản Lý,src/events/client/messageCreate.js:1630,src/commands/bangchien/bcswap.js,"?bcswap, ?bcdoi, ?doiteam - Đổi người giữa các team",active,
Bang Chiến,?bcchihuy,prefix,Đặt chỉ huy,Role Quản Lý,src/events/client/messageCreate.js:1636,src/commands/bangchien/bcchihuy.js,"?bcchihuy, ?bcch - Đặt chỉ huy",active,
Bang Chiến,?bcch,alias,Đặt chỉ huy,Role Quản Lý,src/events/client/messageCreate.js:1636,src/commands/bangchien/bcchihuy.js,"?bcchihuy, ?bcch - Đặt chỉ huy",active,
Bang Chiến,?setchihuy,alias,Đặt chỉ huy,Role Quản Lý,src/events/client/messageCreate.js:1636,src/commands/bangchien/bcchihuy.js,"?bcchihuy, ?bcch - Đặt chỉ huy",active,
Bang Chiến,?bcleader,prefix,Đặt leader team,Role Quản Lý,src/events/client/messageCreate.js:1642,src/commands/bangchien/bcleader.js,"?bcleader, ?bcld - Đặt leader team",active,
Bang Chiến,?bcld,alias,Đặt leader team,Role Quản Lý,src/events/client/messageCreate.js:1642,src/commands/bangchien/bcleader.js,"?bcleader, ?bcld - Đặt leader team",active,
Bang Chiến,?setleader,alias,Đặt leader team,Role Quản Lý,src/events/client/messageCreate.js:1642,src/commands/bangchien/bcleader.js,"?bcleader, ?bcld - Đặt leader team",active,
Bang Chiến,?bcadd,prefix,Thêm người vào danh sách BC,Role Quản Lý,src/events/client/messageCreate.js:1648,src/commands/bangchien/bcadd.js,?bcadd - Thêm người vào danh sách BC,active,
Bang Chiến,?bcaddmem,alias,Thêm người vào danh sách BC,Role Quản Lý,src/events/client/messageCreate.js:1648,src/commands/bangchien/bcadd.js,?bcadd - Thêm người vào danh sách BC,active,
Bang Chiến,?thembc,alias,Thêm người vào danh sách BC,Role Quản Lý,src/events/client/messageCreate.js:1648,src/commands/bangchien/bcadd.js,?bcadd - Thêm người vào danh sách BC,active,
Bang Chiến,?lenhbangchien,prefix,Xem lệnh bang chiến,Role Quản Lý,src/events/client/messageCreate.js:1654,src/commands/bangchien/lenhbangchien.js,"?lenhbangchien, ?lenhbc, ?lbc - Xem lệnh bang chiến",active,
Bang Chiến,?lenhbc,alias,Xem lệnh bang chiến,Role Quản Lý,src/events/client/messageCreate.js:1654,src/commands/bangchien/lenhbangchien.js,"?lenhbangchien, ?lenhbc, ?lbc - Xem lệnh bang chiến",active,
Bang Chiến,?lbc,alias,Xem lệnh bang chiến,Role Quản Lý,src/events/client/messageCreate.js:1654,src/commands/bangchien/lenhbangchien.js,"?lenhbangchien, ?lenhbc, ?lbc - Xem lệnh bang chiến",active,
Bang Chiến,?bchelp,alias,Xem lệnh bang chiến,Role Quản Lý,src/events/client/messageCreate.js:1654,src/commands/bangchien/lenhbangchien.js,"?lenhbangchien, ?lenhbc, ?lbc - Xem lệnh bang chiến",active,
Bang Chiến,?helpbc,alias,Xem lệnh bang chiến,Role Quản Lý,src/events/client/messageCreate.js:1654,src/commands/bangchien/lenhbangchien.js,"?lenhbangchien, ?lenhbc, ?lbc - Xem lệnh bang chiến",active,
Bang Chiến,?bcsize,prefix,Thay đổi số người của các Team BC,Không thấy kiểm tra rõ trong nhánh quét,src/events/client/messageCreate.js:1660,src/commands/bangchien/bcsize.js,"?bcsize, ?teamsize, ?bcsoluong - Thay đổi số người của các Team BC",active,
Bang Chiến,?teamsize,alias,Thay đổi số người của các Team BC,Không thấy kiểm tra rõ trong nhánh quét,src/events/client/messageCreate.js:1660,src/commands/bangchien/bcsize.js,"?bcsize, ?teamsize, ?bcsoluong - Thay đổi số người của các Team BC",active,
Bang Chiến,?bcsoluong,alias,Thay đổi số người của các Team BC,Không thấy kiểm tra rõ trong nhánh quét,src/events/client/messageCreate.js:1660,src/commands/bangchien/bcsize.js,"?bcsize, ?teamsize, ?bcsoluong - Thay đổi số người của các Team BC",active,
Bang Chiến,?setbc,prefix,Set kênh BC mặc định,Owner/whitelist,src/events/client/messageCreate.js:1666,src/commands/bangchien/setbc.js,"?setbc, ?setbangchien, ?bcchannel - Set kênh BC mặc định",active,
Bang Chiến,?setbangchien,alias,Set kênh BC mặc định,Owner/whitelist,src/events/client/messageCreate.js:1666,src/commands/bangchien/setbc.js,"?setbc, ?setbangchien, ?bcchannel - Set kênh BC mặc định",active,
Bang Chiến,?bcchannel,alias,Set kênh BC mặc định,Owner/whitelist,src/events/client/messageCreate.js:1666,src/commands/bangchien/setbc.js,"?setbc, ?setbangchien, ?bcchannel - Set kênh BC mặc định",active,
Bang Chiến,?bcrole,prefix,Xem thành viên theo role,Không thấy kiểm tra rõ trong nhánh quét,src/events/client/messageCreate.js:1672,src/commands/bangchien/bcrole.js,"?bcrole, ?bctanker, ?bcdps, ?bchealer - Xem thành viên theo role",active,
Bang Chiến,?bctanker,alias,Xem thành viên theo role,Không thấy kiểm tra rõ trong nhánh quét,src/events/client/messageCreate.js:1672,src/commands/bangchien/bcrole.js,"?bcrole, ?bctanker, ?bcdps, ?bchealer - Xem thành viên theo role",active,
Bang Chiến,?bcdps,alias,Xem thành viên theo role,Không thấy kiểm tra rõ trong nhánh quét,src/events/client/messageCreate.js:1672,src/commands/bangchien/bcrole.js,"?bcrole, ?bctanker, ?bcdps, ?bchealer - Xem thành viên theo role",active,
Bang Chiến,?bchealer,alias,Xem thành viên theo role,Không thấy kiểm tra rõ trong nhánh quét,src/events/client/messageCreate.js:1672,src/commands/bangchien/bcrole.js,"?bcrole, ?bctanker, ?bcdps, ?bchealer - Xem thành viên theo role",active,
Bang Chiến,?chotbc,prefix,Thêm role Bang Chiến cho mọi người trong danh sách,Role Quản Lý,src/events/client/messageCreate.js:1678,src/commands/bangchien/bcchot.js,"?chotbc, ?bcchot - Thêm role Bang Chiến cho mọi người trong danh sách",active,
Bang Chiến,?bcchot,alias,Thêm role Bang Chiến cho mọi người trong danh sách,Role Quản Lý,src/events/client/messageCreate.js:1678,src/commands/bangchien/bcchot.js,"?chotbc, ?bcchot - Thêm role Bang Chiến cho mọi người trong danh sách",active,
Bang Chiến,?chotbangchien,alias,Thêm role Bang Chiến cho mọi người trong danh sách,Role Quản Lý,src/events/client/messageCreate.js:1678,src/commands/bangchien/bcchot.js,"?chotbc, ?bcchot - Thêm role Bang Chiến cho mọi người trong danh sách",active,
Bang Chiến,?addbcrole,alias,Thêm role Bang Chiến cho mọi người trong danh sách,Role Quản Lý,src/events/client/messageCreate.js:1678,src/commands/bangchien/bcchot.js,"?chotbc, ?bcchot - Thêm role Bang Chiến cho mọi người trong danh sách",active,
Bang Chiến,?finalize,alias,Thêm role Bang Chiến cho mọi người trong danh sách,Role Quản Lý,src/events/client/messageCreate.js:1678,src/commands/bangchien/bcchot.js,"?chotbc, ?bcchot - Thêm role Bang Chiến cho mọi người trong danh sách",active,
Bang Chiến,?tatmic,prefix,Tắt mic trong voice BC (giữ mic Leader/Chỉ Huy khi all),Role Quản Lý,src/events/client/messageCreate.js:1684,src/commands/bangchien/bcmicoff.js,"?tatmic, ?bcmicoff - Tắt mic trong voice BC (giữ mic Leader/Chỉ Huy khi all)",active,
Bang Chiến,?bcmicoff,alias,Tắt mic trong voice BC (giữ mic Leader/Chỉ Huy khi all),Role Quản Lý,src/events/client/messageCreate.js:1684,src/commands/bangchien/bcmicoff.js,"?tatmic, ?bcmicoff - Tắt mic trong voice BC (giữ mic Leader/Chỉ Huy khi all)",active,
Bang Chiến,?bcmute,alias,Tắt mic trong voice BC (giữ mic Leader/Chỉ Huy khi all),Role Quản Lý,src/events/client/messageCreate.js:1684,src/commands/bangchien/bcmicoff.js,"?tatmic, ?bcmicoff - Tắt mic trong voice BC (giữ mic Leader/Chỉ Huy khi all)",active,
Bang Chiến,?bcnomic,alias,Tắt mic trong voice BC (giữ mic Leader/Chỉ Huy khi all),Role Quản Lý,src/events/client/messageCreate.js:1684,src/commands/bangchien/bcmicoff.js,"?tatmic, ?bcmicoff - Tắt mic trong voice BC (giữ mic Leader/Chỉ Huy khi all)",active,
Bang Chiến,?momic,prefix,Bật mic trong voice BC,Role Quản Lý,src/events/client/messageCreate.js:1690,src/commands/bangchien/bcmicon.js,"?momic, ?bcmicon - Bật mic trong voice BC",active,
Bang Chiến,?bcmicon,alias,Bật mic trong voice BC,Role Quản Lý,src/events/client/messageCreate.js:1690,src/commands/bangchien/bcmicon.js,"?momic, ?bcmicon - Bật mic trong voice BC",active,
Bang Chiến,?bcmic,alias,Bật mic trong voice BC,Role Quản Lý,src/events/client/messageCreate.js:1690,src/commands/bangchien/bcmicon.js,"?momic, ?bcmicon - Bật mic trong voice BC",active,
Bang Chiến,?bcspeak,alias,Bật mic trong voice BC,Role Quản Lý,src/events/client/messageCreate.js:1690,src/commands/bangchien/bcmicon.js,"?momic, ?bcmicon - Bật mic trong voice BC",active,
Bang Chiến,?bcmicreset,prefix,Reset mic permissions trong voice BC,Role Quản Lý,src/events/client/messageCreate.js:1696,src/commands/bangchien/bcmicreset.js,?bcmicreset - Reset mic permissions trong voice BC,active,
Bang Chiến,?resetmic,alias,Reset mic permissions trong voice BC,Role Quản Lý,src/events/client/messageCreate.js:1696,src/commands/bangchien/bcmicreset.js,?bcmicreset - Reset mic permissions trong voice BC,active,
Bang Chiến,?bcmove,prefix,Di chuyển người giữa các team,Role Quản Lý,src/events/client/messageCreate.js:1702,src/commands/bangchien/bcmove.js,"?bcmove, ?bcdoi - Di chuyển người giữa các team",active,
Bang Chiến,?bcdoi,alias,Di chuyển người giữa các team,Role Quản Lý,src/events/client/messageCreate.js:1702,src/commands/bangchien/bcmove.js,"?bcmove, ?bcdoi - Di chuyển người giữa các team",unclear,Trùng alias; nhánh tại src/events/client/messageCreate.js:1630 sẽ bắt trước nhánh này.
Bang Chiến,?dichuyen,alias,Di chuyển người giữa các team,Role Quản Lý,src/events/client/messageCreate.js:1702,src/commands/bangchien/bcmove.js,"?bcmove, ?bcdoi - Di chuyển người giữa các team",active,
Thông báo/Boss/Lịch,?nhacnho,prefix,Đăng ký nhận nhắc nhở event,Không thấy kiểm tra rõ trong nhánh quét,src/events/client/messageCreate.js:1708,src/commands/thongbao/nhacnho.js,"?nhacnho, ?nn, ?remind - Đăng ký nhận nhắc nhở event",active,
Thông báo/Boss/Lịch,?nn,alias,Đăng ký nhận nhắc nhở event,Không thấy kiểm tra rõ trong nhánh quét,src/events/client/messageCreate.js:1708,src/commands/thongbao/nhacnho.js,"?nhacnho, ?nn, ?remind - Đăng ký nhận nhắc nhở event",active,
Thông báo/Boss/Lịch,?remind,alias,Đăng ký nhận nhắc nhở event,Không thấy kiểm tra rõ trong nhánh quét,src/events/client/messageCreate.js:1708,src/commands/thongbao/nhacnho.js,"?nhacnho, ?nn, ?remind - Đăng ký nhận nhắc nhở event",active,
Thông báo/Boss/Lịch,?listthongbao,prefix,Xem lịch sự kiện guild dạng thời gian biểu,Owner/whitelist,src/events/client/messageCreate.js:1714,src/events/client/messageCreate.js,"?listthongbao, ?lichguild, ?tgb - Xem lịch sự kiện guild dạng thời gian biểu",active,
Thông báo/Boss/Lịch,?lichguild,alias,Xem lịch sự kiện guild dạng thời gian biểu,Owner/whitelist,src/events/client/messageCreate.js:1714,src/events/client/messageCreate.js,"?listthongbao, ?lichguild, ?tgb - Xem lịch sự kiện guild dạng thời gian biểu",unclear,Trùng alias; nhánh tại src/events/client/messageCreate.js:1507 sẽ bắt trước nhánh này.
Thông báo/Boss/Lịch,?tgb,alias,Xem lịch sự kiện guild dạng thời gian biểu,Owner/whitelist,src/events/client/messageCreate.js:1714,src/events/client/messageCreate.js,"?listthongbao, ?lichguild, ?tgb - Xem lịch sự kiện guild dạng thời gian biểu",active,
Thông báo/Boss/Lịch,?lichsk,alias,Xem lịch sự kiện guild dạng thời gian biểu,Owner/whitelist,src/events/client/messageCreate.js:1714,src/events/client/messageCreate.js,"?listthongbao, ?lichguild, ?tgb - Xem lịch sự kiện guild dạng thời gian biểu",active,
Minigame/Economy,?bal,prefix,Xem số dư,Không thấy kiểm tra rõ trong nhánh quét,src/events/client/messageCreate.js:1752,src/commands/minigame/balance.js,"?bal, ?balance, ?tien, ?hat - Xem số dư",active,
Minigame/Economy,?balance,alias,Xem số dư,Không thấy kiểm tra rõ trong nhánh quét,src/events/client/messageCreate.js:1752,src/commands/minigame/balance.js,"?bal, ?balance, ?tien, ?hat - Xem số dư",active,
Minigame/Economy,?tien,alias,Xem số dư,Không thấy kiểm tra rõ trong nhánh quét,src/events/client/messageCreate.js:1752,src/commands/minigame/balance.js,"?bal, ?balance, ?tien, ?hat - Xem số dư",active,
Minigame/Economy,?hat,alias,Xem số dư,Không thấy kiểm tra rõ trong nhánh quét,src/events/client/messageCreate.js:1752,src/commands/minigame/balance.js,"?bal, ?balance, ?tien, ?hat - Xem số dư",active,
Minigame/Economy,?nhua,prefix,Xem tất cả vật phẩm,Không thấy kiểm tra rõ trong nhánh quét,src/events/client/messageCreate.js:1757,src/commands/minigame/nhua.js,"?nhua, ?item, ?vatpham - Xem tất cả vật phẩm",active,
Minigame/Economy,?item,alias,Xem tất cả vật phẩm,Không thấy kiểm tra rõ trong nhánh quét,src/events/client/messageCreate.js:1757,src/commands/minigame/nhua.js,"?nhua, ?item, ?vatpham - Xem tất cả vật phẩm",active,
Minigame/Economy,?vatpham,alias,Xem tất cả vật phẩm,Không thấy kiểm tra rõ trong nhánh quét,src/events/client/messageCreate.js:1757,src/commands/minigame/nhua.js,"?nhua, ?item, ?vatpham - Xem tất cả vật phẩm",active,
Minigame/Economy,?daily,prefix,Nhận thưởng hàng ngày,Owner/whitelist,src/events/client/messageCreate.js:1762,src/events/client/messageCreate.js,?daily - Nhận thưởng hàng ngày,active,
Minigame/Economy,?weekly,prefix,Nhận thưởng hàng tuần,Không thấy kiểm tra rõ trong nhánh quét,src/events/client/messageCreate.js:1767,src/commands/minigame/daily.js,?weekly - Nhận thưởng hàng tuần,active,
Minigame/Economy,?shop,prefix,Hiển thị shop,Không thấy kiểm tra rõ trong nhánh quét,src/events/client/messageCreate.js:1772,src/commands/minigame/shop.js,"?shop, ?cuahang - Hiển thị shop",active,
Minigame/Economy,?cuahang,alias,Hiển thị shop,Không thấy kiểm tra rõ trong nhánh quét,src/events/client/messageCreate.js:1772,src/commands/minigame/shop.js,"?shop, ?cuahang - Hiển thị shop",active,
Minigame/Economy,?buy,prefix,Mua item,Không thấy kiểm tra rõ trong nhánh quét,src/events/client/messageCreate.js:1777,src/commands/minigame/buy.js,"?buy, ?mua - Mua item",active,
Minigame/Economy,?mua,alias,Mua item,Không thấy kiểm tra rõ trong nhánh quét,src/events/client/messageCreate.js:1777,src/commands/minigame/buy.js,"?buy, ?mua - Mua item",active,
Minigame/Economy,?sell,prefix,Bán item,Không thấy kiểm tra rõ trong nhánh quét,src/events/client/messageCreate.js:1782,src/commands/minigame/sell.js,"?sell, ?ban - Bán item",active,
Minigame/Economy,?nv,prefix,Nhiệm vụ,Không thấy kiểm tra rõ trong nhánh quét,src/events/client/messageCreate.js:1788,src/commands/minigame/quest.js,"?nv, ?q, ?quest, ?nhiemvu - Nhiệm vụ",active,
Minigame/Economy,?q,alias,Nhiệm vụ,Không thấy kiểm tra rõ trong nhánh quét,src/events/client/messageCreate.js:1788,src/commands/minigame/quest.js,"?nv, ?q, ?quest, ?nhiemvu - Nhiệm vụ",active,
Minigame/Economy,?quest,alias,Nhiệm vụ,Không thấy kiểm tra rõ trong nhánh quét,src/events/client/messageCreate.js:1788,src/commands/minigame/quest.js,"?nv, ?q, ?quest, ?nhiemvu - Nhiệm vụ",active,
Minigame/Economy,?nhiemvu,alias,Nhiệm vụ,Không thấy kiểm tra rõ trong nhánh quét,src/events/client/messageCreate.js:1788,src/commands/minigame/quest.js,"?nv, ?q, ?quest, ?nhiemvu - Nhiệm vụ",active,
Minigame/Economy,?info,prefix,Thông tin người chơi,Không thấy kiểm tra rõ trong nhánh quét,src/events/client/messageCreate.js:1794,src/commands/minigame/info.js,"?info, ?i, ?thongtin, ?tt - Thông tin người chơi",active,
Minigame/Economy,?i,alias,Thông tin người chơi,Không thấy kiểm tra rõ trong nhánh quét,src/events/client/messageCreate.js:1794,src/commands/minigame/info.js,"?info, ?i, ?thongtin, ?tt - Thông tin người chơi",active,
Minigame/Economy,?thongtin,alias,Thông tin người chơi,Không thấy kiểm tra rõ trong nhánh quét,src/events/client/messageCreate.js:1794,src/commands/minigame/info.js,"?info, ?i, ?thongtin, ?tt - Thông tin người chơi",active,
Minigame/Economy,?thanhtuu,prefix,Thành tựu,Không thấy kiểm tra rõ trong nhánh quét,src/events/client/messageCreate.js:1800,src/commands/minigame/achievement.js,"?thanhtuu, ?tt, ?achievements - Thành tựu",active,
Minigame/Economy,?tt,alias,Thành tựu,Không thấy kiểm tra rõ trong nhánh quét,src/events/client/messageCreate.js:1800,src/commands/minigame/achievement.js,"?thanhtuu, ?tt, ?achievements - Thành tựu",active,
Minigame/Economy,?achievements,alias,Thành tựu,Không thấy kiểm tra rõ trong nhánh quét,src/events/client/messageCreate.js:1800,src/commands/minigame/achievement.js,"?thanhtuu, ?tt, ?achievements - Thành tựu",active,
Minigame/Economy,?ach,alias,Thành tựu,Không thấy kiểm tra rõ trong nhánh quét,src/events/client/messageCreate.js:1800,src/commands/minigame/achievement.js,"?thanhtuu, ?tt, ?achievements - Thành tựu",active,
Minigame/Economy,?settitle,prefix,Danh hiệu,Role Quản Lý,src/events/client/messageCreate.js:1806,src/commands/minigame/title.js,"?settitle, ?danhieu - Danh hiệu",active,
Minigame/Economy,?danhieu,alias,Danh hiệu,Role Quản Lý,src/events/client/messageCreate.js:1806,src/commands/minigame/title.js,"?settitle, ?danhieu - Danh hiệu",active,
Minigame/Economy,?box,prefix,Xem và mở box,Không thấy kiểm tra rõ trong nhánh quét,src/events/client/messageCreate.js:1812,src/commands/minigame/box.js,"?box, ?hom - Xem và mở box",active,
Minigame/Economy,?hom,alias,Xem và mở box,Không thấy kiểm tra rõ trong nhánh quét,src/events/client/messageCreate.js:1812,src/commands/minigame/box.js,"?box, ?hom - Xem và mở box",active,
Minigame/Economy,?dismantle,prefix,"Phân tách đồ tím | ?dismantleall, ?phantachhet, ?pth - Phân tách hết",Không thấy kiểm tra rõ trong nhánh quét,src/events/client/messageCreate.js:1819,src/commands/minigame/dismantle.js,"?dismantle, ?phantach - Phân tách đồ tím | ?dismantleall, ?phantachhet, ?pth - Phân tách hết",active,
Minigame/Economy,?phantach,alias,"Phân tách đồ tím | ?dismantleall, ?phantachhet, ?pth - Phân tách hết",Không thấy kiểm tra rõ trong nhánh quét,src/events/client/messageCreate.js:1819,src/commands/minigame/dismantle.js,"?dismantle, ?phantach - Phân tách đồ tím | ?dismantleall, ?phantachhet, ?pth - Phân tách hết",active,
Minigame/Economy,?dismantleall,prefix,Phân tách trang bị.,Không thấy kiểm tra rõ trong nhánh quét,src/events/client/messageCreate.js:1822,src/commands/minigame/dismantle.js,,active,
Minigame/Economy,?phantachhet,alias,Phân tách trang bị.,Không thấy kiểm tra rõ trong nhánh quét,src/events/client/messageCreate.js:1822,src/commands/minigame/dismantle.js,,active,
Minigame/Economy,?pth,alias,Phân tách trang bị.,Không thấy kiểm tra rõ trong nhánh quét,src/events/client/messageCreate.js:1822,src/commands/minigame/dismantle.js,,active,
Minigame/Economy,?inv,prefix,Xem kho đồ,Không thấy kiểm tra rõ trong nhánh quét,src/events/client/messageCreate.js:1827,src/commands/minigame/inventory.js,"?inv, ?inventory, ?tuido, ?kho, ?tui, ?bag - Xem kho đồ",active,
Minigame/Economy,?inventory,alias,Xem kho đồ,Không thấy kiểm tra rõ trong nhánh quét,src/events/client/messageCreate.js:1827,src/commands/minigame/inventory.js,"?inv, ?inventory, ?tuido, ?kho, ?tui, ?bag - Xem kho đồ",active,
Minigame/Economy,?tuido,alias,Xem kho đồ,Không thấy kiểm tra rõ trong nhánh quét,src/events/client/messageCreate.js:1827,src/commands/minigame/inventory.js,"?inv, ?inventory, ?tuido, ?kho, ?tui, ?bag - Xem kho đồ",active,
Minigame/Economy,?kho,alias,Xem kho đồ,Không thấy kiểm tra rõ trong nhánh quét,src/events/client/messageCreate.js:1827,src/commands/minigame/inventory.js,"?inv, ?inventory, ?tuido, ?kho, ?tui, ?bag - Xem kho đồ",active,
Minigame/Economy,?tui,alias,Xem kho đồ,Không thấy kiểm tra rõ trong nhánh quét,src/events/client/messageCreate.js:1827,src/commands/minigame/inventory.js,"?inv, ?inventory, ?tuido, ?kho, ?tui, ?bag - Xem kho đồ",active,
Minigame/Economy,?bag,alias,Xem kho đồ,Không thấy kiểm tra rõ trong nhánh quét,src/events/client/messageCreate.js:1827,src/commands/minigame/inventory.js,"?inv, ?inventory, ?tuido, ?kho, ?tui, ?bag - Xem kho đồ",active,
Minigame/Economy,?tune,prefix,Tune trang bị,Không thấy kiểm tra rõ trong nhánh quét,src/events/client/messageCreate.js:1832,src/commands/minigame/tune.js,"?tune, ?nangcap, ?nc - Tune trang bị",active,
Minigame/Economy,?nangcap,alias,Tune trang bị,Không thấy kiểm tra rõ trong nhánh quét,src/events/client/messageCreate.js:1832,src/commands/minigame/tune.js,"?tune, ?nangcap, ?nc - Tune trang bị",active,
Minigame/Economy,?nc,alias,Tune trang bị,Không thấy kiểm tra rõ trong nhánh quét,src/events/client/messageCreate.js:1832,src/commands/minigame/tune.js,"?tune, ?nangcap, ?nc - Tune trang bị",active,
Minigame/Economy,?buy,prefix,Mua vật phẩm,Không thấy kiểm tra rõ trong nhánh quét,src/events/client/messageCreate.js:1838,src/commands/minigame/buy.js,"?buy, ?b - Mua vật phẩm",unclear,Trùng alias; nhánh tại src/events/client/messageCreate.js:1777 sẽ bắt trước nhánh này.
Minigame/Economy,?b,alias,Mua vật phẩm,Không thấy kiểm tra rõ trong nhánh quét,src/events/client/messageCreate.js:1838,src/commands/minigame/buy.js,"?buy, ?b - Mua vật phẩm",active,
Minigame/Economy,?equip,prefix,Gắn trang bị,Không thấy kiểm tra rõ trong nhánh quét,src/events/client/messageCreate.js:1844,src/commands/minigame/equip.js,"?equip, ?gan, ?eq - Gắn trang bị",active,
Minigame/Economy,?gan,alias,Gắn trang bị,Không thấy kiểm tra rõ trong nhánh quét,src/events/client/messageCreate.js:1844,src/commands/minigame/equip.js,"?equip, ?gan, ?eq - Gắn trang bị",active,
Minigame/Economy,?eq,alias,Gắn trang bị,Không thấy kiểm tra rõ trong nhánh quét,src/events/client/messageCreate.js:1844,src/commands/minigame/equip.js,"?equip, ?gan, ?eq - Gắn trang bị",active,
Minigame/Economy,?unequip,prefix,Gỡ trang bị,Không thấy kiểm tra rõ trong nhánh quét,src/events/client/messageCreate.js:1849,src/commands/minigame/unequip.js,"?unequip, ?ue, ?go - Gỡ trang bị",active,
Minigame/Economy,?ue,alias,Gỡ trang bị,Không thấy kiểm tra rõ trong nhánh quét,src/events/client/messageCreate.js:1849,src/commands/minigame/unequip.js,"?unequip, ?ue, ?go - Gỡ trang bị",active,
Minigame/Economy,?go,alias,Gỡ trang bị,Không thấy kiểm tra rõ trong nhánh quét,src/events/client/messageCreate.js:1849,src/commands/minigame/unequip.js,"?unequip, ?ue, ?go - Gỡ trang bị",active,
Minigame/Economy,?lock,prefix,Khóa trang bị,Không thấy kiểm tra rõ trong nhánh quét,src/events/client/messageCreate.js:1855,src/commands/minigame/lock.js,?lock - Khóa trang bị,active,
Minigame/Economy,?ban,prefix,Bán đồ (select menu),Không thấy kiểm tra rõ trong nhánh quét,src/events/client/messageCreate.js:1861,src/commands/minigame/ban.js,?ban - Bán đồ (select menu),active,
Minigame/Economy,?trangbi,prefix,Xem trang bị đang mặc,Không thấy kiểm tra rõ trong nhánh quét,src/events/client/messageCreate.js:1866,src/commands/minigame/equip.js,?trangbi - Xem trang bị đang mặc,active,
Minigame/Economy,?top,prefix,Bảng xếp hạng,Không thấy kiểm tra rõ trong nhánh quét,src/events/client/messageCreate.js:1871,src/commands/minigame/leaderboard.js,"?top, ?lb, ?leaderboard, ?bxh - Bảng xếp hạng",unclear,Trùng alias; nhánh tại src/events/client/messageCreate.js:989 sẽ bắt trước nhánh này.
Minigame/Economy,?lb,alias,Bảng xếp hạng,Không thấy kiểm tra rõ trong nhánh quét,src/events/client/messageCreate.js:1871,src/commands/minigame/leaderboard.js,"?top, ?lb, ?leaderboard, ?bxh - Bảng xếp hạng",unclear,Trùng alias; nhánh tại src/events/client/messageCreate.js:989 sẽ bắt trước nhánh này.
Minigame/Economy,?leaderboard,alias,Bảng xếp hạng,Không thấy kiểm tra rõ trong nhánh quét,src/events/client/messageCreate.js:1871,src/commands/minigame/leaderboard.js,"?top, ?lb, ?leaderboard, ?bxh - Bảng xếp hạng",unclear,Trùng alias; nhánh tại src/events/client/messageCreate.js:989 sẽ bắt trước nhánh này.
Minigame/Economy,?bxh,alias,Bảng xếp hạng,Không thấy kiểm tra rõ trong nhánh quét,src/events/client/messageCreate.js:1871,src/commands/minigame/leaderboard.js,"?top, ?lb, ?leaderboard, ?bxh - Bảng xếp hạng",unclear,Trùng alias; nhánh tại src/events/client/messageCreate.js:989 sẽ bắt trước nhánh này.
Minigame/Economy,?dungeon,prefix,Hệ thống Dungeon,Không thấy kiểm tra rõ trong nhánh quét,src/events/client/messageCreate.js:1876,src/commands/minigame/dungeon.js,"?dungeon, ?dung, ?bicanh - Hệ thống Dungeon",active,
Minigame/Economy,?dung,alias,Hệ thống Dungeon,Không thấy kiểm tra rõ trong nhánh quét,src/events/client/messageCreate.js:1876,src/commands/minigame/dungeon.js,"?dungeon, ?dung, ?bicanh - Hệ thống Dungeon",active,
Minigame/Economy,?bicanh,alias,Hệ thống Dungeon,Không thấy kiểm tra rõ trong nhánh quét,src/events/client/messageCreate.js:1876,src/commands/minigame/dungeon.js,"?dungeon, ?dung, ?bicanh - Hệ thống Dungeon",active,
Minigame/Economy,?huydung,prefix,Hủy/Rời dungeon đang chạy,Không thấy kiểm tra rõ trong nhánh quét,src/events/client/messageCreate.js:1881,src/commands/minigame/dungeon.js,"?huydung, ?huybicanh, ?roidung - Hủy/Rời dungeon đang chạy",active,
Minigame/Economy,?huybicanh,alias,Hủy/Rời dungeon đang chạy,Không thấy kiểm tra rõ trong nhánh quét,src/events/client/messageCreate.js:1881,src/commands/minigame/dungeon.js,"?huydung, ?huybicanh, ?roidung - Hủy/Rời dungeon đang chạy",active,
Minigame/Economy,?roidung,alias,Hủy/Rời dungeon đang chạy,Không thấy kiểm tra rõ trong nhánh quét,src/events/client/messageCreate.js:1881,src/commands/minigame/dungeon.js,"?huydung, ?huybicanh, ?roidung - Hủy/Rời dungeon đang chạy",active,
Minigame/Economy,?item,prefix,Xem chi tiết item hoặc player,Không thấy kiểm tra rõ trong nhánh quét,src/events/client/messageCreate.js:1886,src/commands/minigame/xem.js,"?xem, ?item, ?it - Xem chi tiết item hoặc player",unclear,Trùng alias; nhánh tại src/events/client/messageCreate.js:1757 sẽ bắt trước nhánh này.
Minigame/Economy,?it,alias,Xem chi tiết item hoặc player,Không thấy kiểm tra rõ trong nhánh quét,src/events/client/messageCreate.js:1886,src/commands/minigame/xem.js,"?xem, ?item, ?it - Xem chi tiết item hoặc player",active,
Minigame/Economy,?xem,prefix,"Smart command: @user -> info, số -> item",Không thấy kiểm tra rõ trong nhánh quét,src/events/client/messageCreate.js:1892,src/commands/minigame/xem.js,"?xem - Smart command: @user -> info, số -> item",active,
Minigame/Economy,?huongdan,prefix,Hướng dẫn chơi,Role LangGia/điều kiện guild,src/events/client/messageCreate.js:1898,src/commands/minigame/huongdan.js,"?huongdan, ?hd, ?guide - Hướng dẫn chơi",active,
Minigame/Economy,?hd,alias,Hướng dẫn chơi,Role LangGia/điều kiện guild,src/events/client/messageCreate.js:1898,src/commands/minigame/huongdan.js,"?huongdan, ?hd, ?guide - Hướng dẫn chơi",active,
Minigame/Economy,?guide,alias,Hướng dẫn chơi,Role LangGia/điều kiện guild,src/events/client/messageCreate.js:1898,src/commands/minigame/huongdan.js,"?huongdan, ?hd, ?guide - Hướng dẫn chơi",active,
Minigame/Economy,?lenh,prefix,Danh sách lệnh ngắn gọn,Không thấy kiểm tra rõ trong nhánh quét,src/events/client/messageCreate.js:1904,src/commands/minigame/lenh.js,"?lenh, ?cmd, ?commands - Danh sách lệnh ngắn gọn",active,
Minigame/Economy,?cmd,alias,Danh sách lệnh ngắn gọn,Không thấy kiểm tra rõ trong nhánh quét,src/events/client/messageCreate.js:1904,src/commands/minigame/lenh.js,"?lenh, ?cmd, ?commands - Danh sách lệnh ngắn gọn",active,
Minigame/Economy,?commands,alias,Danh sách lệnh ngắn gọn,Không thấy kiểm tra rõ trong nhánh quét,src/events/client/messageCreate.js:1904,src/commands/minigame/lenh.js,"?lenh, ?cmd, ?commands - Danh sách lệnh ngắn gọn",active,
Minigame/Economy,?look,prefix,Xem thông tin item,Không thấy kiểm tra rõ trong nhánh quét,src/events/client/messageCreate.js:1910,src/commands/minigame/look.js,?look - Xem thông tin item,active,
Minigame/Economy,?use,prefix,Sử dụng item,Không thấy kiểm tra rõ trong nhánh quét,src/events/client/messageCreate.js:1916,src/commands/minigame/use.js,"?use, ?u, ?sudung - Sử dụng item",active,
Minigame/Economy,?u,alias,Sử dụng item,Không thấy kiểm tra rõ trong nhánh quét,src/events/client/messageCreate.js:1916,src/commands/minigame/use.js,"?use, ?u, ?sudung - Sử dụng item",active,
Minigame/Economy,?sudung,alias,Sử dụng item,Không thấy kiểm tra rõ trong nhánh quét,src/events/client/messageCreate.js:1916,src/commands/minigame/use.js,"?use, ?u, ?sudung - Sử dụng item",active,
Minigame/Economy,?daden,prefix,Chuyển dòng trang bị,Không thấy kiểm tra rõ trong nhánh quét,src/events/client/messageCreate.js:1922,src/commands/minigame/daden.js,"?daden, ?dd, ?truyen - Chuyển dòng trang bị",active,
Minigame/Economy,?dd,alias,Chuyển dòng trang bị,Không thấy kiểm tra rõ trong nhánh quét,src/events/client/messageCreate.js:1922,src/commands/minigame/daden.js,"?daden, ?dd, ?truyen - Chuyển dòng trang bị",active,
Minigame/Economy,?truyen,alias,Chuyển dòng trang bị,Không thấy kiểm tra rõ trong nhánh quét,src/events/client/messageCreate.js:1922,src/commands/minigame/daden.js,"?daden, ?dd, ?truyen - Chuyển dòng trang bị",active,
Minigame/Economy,?update,prefix,Xem các cập nhật mới,Không thấy kiểm tra rõ trong nhánh quét,src/events/client/messageCreate.js:1928,src/commands/minigame/update.js,?update - Xem các cập nhật mới,active,
Minigame/Economy,?reset,prefix,Reset player data (Owner only),Owner/whitelist,src/events/client/messageCreate.js:1934,src/commands/admin/minigame/resetplayer.js,"?reset, ?resetplayer - Reset player data (Owner only)",unclear,Trùng alias; nhánh tại src/events/client/messageCreate.js:1166 sẽ bắt trước nhánh này.
Minigame/Economy,?resetplayer,alias,Reset player data (Owner only),Owner/whitelist,src/events/client/messageCreate.js:1934,src/commands/admin/minigame/resetplayer.js,"?reset, ?resetplayer - Reset player data (Owner only)",unclear,Trùng alias; nhánh tại src/events/client/messageCreate.js:1160 sẽ bắt trước nhánh này.
Minigame/Economy,?donedung,prefix,Force complete dungeon (owner only),Owner/whitelist,src/events/client/messageCreate.js:1939,src/commands/admin/minigame/donedung.js,?donedung - Force complete dungeon (owner only),active,
Minigame/Economy,?addnhuafull,prefix,Fill nhựa to max (owner only),Owner/whitelist,src/events/client/messageCreate.js:1944,src/commands/admin/minigame/addnhuafull.js,?addnhuafull - Fill nhựa to max (owner only),active,
Quản lý thành viên/role,?pickrole,prefix,Xử lý pickrole command (alias: pr),Role Quản Lý,src/events/client/messageCreate.js:1949,src/commands/quanly/pickrole.js,,active,
Quản lý thành viên/role,?pr,alias,Xử lý pickrole command (alias: pr),Role Quản Lý,src/events/client/messageCreate.js:1949,src/commands/quanly/pickrole.js,,active,
NhacLabs license,?nl,prefix,"Hiển thị danh sách key, tìm kiếm hoặc tạo nhanh khi nhập tier.",Owner/whitelist,src/events/messageCreate/nhacLabsCommands.js,src/utils/firebaseLicense.js,,active,Canonical: list
NhacLabs license,?nlhelp,prefix,Hiển thị hướng dẫn NhacLabs.,Mọi người,src/events/messageCreate/nhacLabsCommands.js,src/utils/firebaseLicense.js,,active,Canonical: help
NhacLabs license,?nlinfo,prefix,Xem chi tiết một license key.,Owner/whitelist,src/events/messageCreate/nhacLabsCommands.js,src/utils/firebaseLicense.js,,active,Canonical: info
NhacLabs license,?nli,alias,Xem chi tiết một license key.,Owner/whitelist,src/events/messageCreate/nhacLabsCommands.js,src/utils/firebaseLicense.js,,active,Canonical: info
NhacLabs license,?nllist,prefix,"Hiển thị danh sách key, tìm kiếm hoặc tạo nhanh khi nhập tier.",Owner/whitelist,src/events/messageCreate/nhacLabsCommands.js,src/utils/firebaseLicense.js,,active,Canonical: list
NhacLabs license,?nlgen,prefix,Tạo license key PRO/UNL.,Owner/whitelist,src/events/messageCreate/nhacLabsCommands.js,src/utils/firebaseLicense.js,<PRO|UNL> [số lượng] [thời hạn] [danh mục],active,Canonical: gen
NhacLabs license,?nlg,alias,Tạo license key PRO/UNL.,Owner/whitelist,src/events/messageCreate/nhacLabsCommands.js,src/utils/firebaseLicense.js,<PRO|UNL> [số lượng] [thời hạn] [danh mục],active,Canonical: gen
NhacLabs license,?nlc,alias,Tạo license key PRO/UNL.,Owner/whitelist,src/events/messageCreate/nhacLabsCommands.js,src/utils/firebaseLicense.js,<PRO|UNL> [số lượng] [thời hạn] [danh mục],active,Canonical: gen
NhacLabs license,?nlcap,alias,Tạo license key PRO/UNL.,Owner/whitelist,src/events/messageCreate/nhacLabsCommands.js,src/utils/firebaseLicense.js,<PRO|UNL> [số lượng] [thời hạn] [danh mục],active,Canonical: gen
NhacLabs license,?nlkey,alias,Tạo license key PRO/UNL.,Owner/whitelist,src/events/messageCreate/nhacLabsCommands.js,src/utils/firebaseLicense.js,<PRO|UNL> [số lượng] [thời hạn] [danh mục],active,Canonical: gen
NhacLabs license,?nlblock,prefix,Chặn key tạm thời.,Owner/whitelist,src/events/messageCreate/nhacLabsCommands.js,src/utils/firebaseLicense.js,,active,Canonical: block
NhacLabs license,?nlb,alias,Chặn key tạm thời.,Owner/whitelist,src/events/messageCreate/nhacLabsCommands.js,src/utils/firebaseLicense.js,,active,Canonical: block
NhacLabs license,?nlpblock,prefix,Chặn key vĩnh viễn.,Owner/whitelist,src/events/messageCreate/nhacLabsCommands.js,src/utils/firebaseLicense.js,,active,Canonical: pblock
NhacLabs license,?nlpb,alias,Chặn key vĩnh viễn.,Owner/whitelist,src/events/messageCreate/nhacLabsCommands.js,src/utils/firebaseLicense.js,,active,Canonical: pblock
NhacLabs license,?nlunblock,prefix,Mở chặn key.,Owner/whitelist,src/events/messageCreate/nhacLabsCommands.js,src/utils/firebaseLicense.js,,active,Canonical: unblock
NhacLabs license,?nlul,alias,Mở chặn key.,Owner/whitelist,src/events/messageCreate/nhacLabsCommands.js,src/utils/firebaseLicense.js,,active,Canonical: unblock
NhacLabs license,?nlremove,prefix,Xóa một máy/hardware ID khỏi key.,Owner/whitelist,src/events/messageCreate/nhacLabsCommands.js,src/utils/firebaseLicense.js,,active,Canonical: remove
NhacLabs license,?nlrm,alias,Xóa một máy/hardware ID khỏi key.,Owner/whitelist,src/events/messageCreate/nhacLabsCommands.js,src/utils/firebaseLicense.js,,active,Canonical: remove
NhacLabs license,?nldelete,prefix,Xóa key.,Owner/whitelist,src/events/messageCreate/nhacLabsCommands.js,src/utils/firebaseLicense.js,,active,Canonical: delete
NhacLabs license,?nld,alias,Xóa key.,Owner/whitelist,src/events/messageCreate/nhacLabsCommands.js,src/utils/firebaseLicense.js,,active,Canonical: delete
NhacLabs license,?nlcat,alias,Đổi danh mục key.,Owner/whitelist,src/events/messageCreate/nhacLabsCommands.js,src/utils/firebaseLicense.js,,active,Canonical: category
NhacLabs license,?nlcategory,prefix,Đổi danh mục key.,Owner/whitelist,src/events/messageCreate/nhacLabsCommands.js,src/utils/firebaseLicense.js,,active,Canonical: category
NhacLabs license,?nlsales,prefix,Xem doanh thu/key đã bán.,Owner/whitelist,src/events/messageCreate/nhacLabsCommands.js,src/utils/firebaseLicense.js,,active,Canonical: sales
NhacLabs license,?nldoanhthu,alias,Xem doanh thu/key đã bán.,Owner/whitelist,src/events/messageCreate/nhacLabsCommands.js,src/utils/firebaseLicense.js,,active,Canonical: sales
NhacLabs license,?nldt,alias,Xem doanh thu/key đã bán.,Owner/whitelist,src/events/messageCreate/nhacLabsCommands.js,src/utils/firebaseLicense.js,,active,Canonical: sales
NhacLabs license,?nlrevenue,alias,Xem doanh thu/key đã bán.,Owner/whitelist,src/events/messageCreate/nhacLabsCommands.js,src/utils/firebaseLicense.js,,active,Canonical: sales
NhacLabs license,?nlup,alias,Upgrade key PRO lên UNL.,Owner/whitelist,src/events/messageCreate/nhacLabsCommands.js,src/utils/firebaseLicense.js,,active,Canonical: upgrade
NhacLabs license,?nlupgrade,prefix,Upgrade key PRO lên UNL.,Owner/whitelist,src/events/messageCreate/nhacLabsCommands.js,src/utils/firebaseLicense.js,,active,Canonical: upgrade
NhacLabs license,?nldeleteall,prefix,Xóa toàn bộ key theo flow xác nhận.,Owner/whitelist,src/events/messageCreate/nhacLabsCommands.js,src/utils/firebaseLicense.js,,active,Canonical: deleteall
NhacLabs license,?nlda,alias,Xóa toàn bộ key theo flow xác nhận.,Owner/whitelist,src/events/messageCreate/nhacLabsCommands.js,src/utils/firebaseLicense.js,,active,Canonical: deleteall
NhacLabs license,?nlxoahet,alias,Xóa toàn bộ key theo flow xác nhận.,Owner/whitelist,src/events/messageCreate/nhacLabsCommands.js,src/utils/firebaseLicense.js,,active,Canonical: deleteall
Reaction role,?setmessrole,prefix,Tạo/cập nhật message reaction-role từ role + emoji/ảnh.,Owner/whitelist,src/events/messageCreate/reactionRoleCommands.js,src/utils/reactionRoleState.js,@role :emoji: ... hoặc ảnh đính kèm,active,Hard-coded prefix ?; không dùng process.env.PREFIX.
Reaction role,?delmessrole,prefix,Xóa mapping reaction-role theo role.,Owner/whitelist,src/events/messageCreate/reactionRoleCommands.js,src/utils/reactionRoleState.js,@role hoặc role_id,active,Hard-coded prefix ?; không dùng process.env.PREFIX.
Booster voice room,?boostroom,prefix,"Lệnh cũ tạo Boost Room, đã thay bằng Booster Panel.",Server Booster/VIP,src/events/client/messageCreate.js:1204,src/commands/booster/boostroom.js,,disabled,Comment trong messageCreate ghi DISABLED; thay bằng ?setbooster + nút panel.
Booster voice room,?br,alias,"Lệnh cũ tạo Boost Room, đã thay bằng Booster Panel.",Server Booster/VIP,src/events/client/messageCreate.js:1204,src/commands/booster/boostroom.js,,disabled,Comment trong messageCreate ghi DISABLED; thay bằng ?setbooster + nút panel.
Booster voice room,?myroom,alias,"Lệnh cũ tạo Boost Room, đã thay bằng Booster Panel.",Server Booster/VIP,src/events/client/messageCreate.js:1204,src/commands/booster/boostroom.js,,disabled,Comment trong messageCreate ghi DISABLED; thay bằng ?setbooster + nút panel.
Booster voice room,?delboostroom,prefix,"Lệnh cũ xóa Boost Room, đã thay bằng Booster Panel.",Server Booster/VIP,src/events/client/messageCreate.js:1205,src/commands/booster/delboostroom.js,,disabled,Comment trong messageCreate ghi DISABLED; thay bằng panel.
Booster voice room,?dbr,alias,"Lệnh cũ xóa Boost Room, đã thay bằng Booster Panel.",Server Booster/VIP,src/events/client/messageCreate.js:1205,src/commands/booster/delboostroom.js,,disabled,Comment trong messageCreate ghi DISABLED; thay bằng panel.
Booster voice room,?setboostcategory,prefix,Lệnh cũ cấu hình category Boost Room.,Admin/quyền Discord,src/events/client/messageCreate.js:1206,src/commands/booster/setboostcategory.js,<category_id>,disabled,Comment trong messageCreate ghi DISABLED; ?setbooster thay thế.
Ready bootstrap,bot:leave-unauthorized-guilds,auto,Rời guild không được phép và dọn slash command ở guild mới.,Theo điều kiện guild/channel/role trong code,src/bot.js,src/bot.js; src/events/guild/guildCreate.js,,active,
Ready bootstrap,bot:register-slash-guild,auto,Xóa slash command global và đăng ký slash command cho ALLOWED_GUILD_ID.,Theo điều kiện guild/channel/role trong code,src/functions/handlers/handleCommands.js,src/functions/handlers/handleCommands.js,,active,
Ready bootstrap,bot:init-translate-service,auto,Tự động dịch tin nhắn/link/embed trong kênh translate.,Theo điều kiện guild/channel/role trong code,src/utils/translateService.js,src/utils/translateService.js; src/events/client/messageUpdate.js,,active,
Ready bootstrap,bot:init-gieoque-scheduler,auto,Reset/lên lịch gieo quẻ và cầu duyên.,Theo điều kiện guild/channel/role trong code,src/utils/gieoqueScheduler.js,src/utils/gieoqueScheduler.js,,active,
EXP/Level,bot:voice-exp-tracker,auto,Quét voice channel mỗi 60 giây để cộng EXP voice.,Theo điều kiện guild/channel/role trong code,src/utils/voiceExpTracker.js,src/utils/voiceExpTracker.js,,active,
Thông báo/Boss/Lịch,bot:weekly-scheduler,auto,Gửi lịch boss/hướng dẫn Phòng Ảnh theo tuần.,Theo điều kiện guild/channel/role trong code,src/utils/weeklyScheduler.js,src/utils/weeklyScheduler.js,,active,
Minigame/Economy,bot:cleanup-exp-periodic,auto,Dọn EXP periodic cũ mỗi giờ.,Theo điều kiện guild/channel/role trong code,src/bot.js,src/bot.js; src/database/economy.js,,active,
Thông báo/Boss/Lịch,bot:restore-notifications,auto,Restore notification/schedule/vote poll sau restart.,Theo điều kiện guild/channel/role trong code,src/bot.js,src/bot.js; src/events/client/ready.js,,active,
Bang Chiến,bot:bc-supabase-realtime,auto,Đồng bộ hai chiều Bang Chiến giữa Supabase web và SQLite/Discord.,Theo điều kiện guild/channel/role trong code,src/events/client/ready.js,src/events/client/ready.js; src/utils/supabaseSync.js,,active,
Bang Chiến,bot:bc-auto-end,auto,Cleanup và re-schedule auto-end Bang Chiến lúc 23:00 VN.,Theo điều kiện guild/channel/role trong code,src/events/client/ready.js,src/events/client/ready.js,,active,
Quản lý thành viên/role,bot:guild-member-remove,auto,"Tự đánh dấu thành viên rời guild, dọn BC/regular, sync Supabase và báo kênh.",Theo điều kiện guild/channel/role trong code,src/events/guild/guildMemberRemove.js,src/events/guild/guildMemberRemove.js,,active,
Quản lý thành viên/role,bot:guild-member-update,auto,"Sync position/role LangGia, dọn regular, xử lý display role và booster role.",Theo điều kiện guild/channel/role trong code,src/events/guild/guildMemberUpdate.js,src/events/guild/guildMemberUpdate.js,,active,
Booster voice room,bot:booster-voice-join-leave,auto,Tạo/dọn/điều khiển VIP voice room khi user vào/ra voice.,Theo điều kiện guild/channel/role trong code,src/events/client/voiceStateUpdate.js,src/events/client/voiceStateUpdate.js; src/utils/boosterVoiceHandlers.js,,active,
Quản lý thành viên/role,bot:welcome-dm,auto,Gửi DM welcome kèm ảnh khi member join guild cấu hình.,Theo điều kiện guild/channel/role trong code,src/events/guild/guildMemberAdd.js,src/events/guild/guildMemberAdd.js,,active,
Ứng dụng tiện ích,auto:tts-dot-prefix,auto,Đọc TTS nội dung tin nhắn bắt đầu bằng dấu chấm khi bot đang ở cùng voice.,Theo điều kiện guild/channel/role trong code,src/events/client/messageCreate.js:105,src/events/client/messageCreate.js:105,,active,
Ứng dụng tiện ích,auto:tiktok-converter,auto,Tự đổi link TikTok sang tnktok để embed tốt hơn rồi xóa message gốc.,Theo điều kiện guild/channel/role trong code,src/events/client/messageCreate.js:150,src/events/client/messageCreate.js:150,,active,
Ứng dụng tiện ích,auto:youtube-converter,auto,Bộ đổi YouTube sang koutube đang bị comment out.,Theo điều kiện guild/channel/role trong code,src/events/client/messageCreate.js:197,src/events/client/messageCreate.js:197,,disabled,Toàn bộ block đang nằm trong comment /* ... */.
Thông báo/Boss/Lịch,auto:boss-preregistration,auto,Nhận +1/xin slot/-1 trong kênh boss để đăng ký/hủy trước hoặc vào party đang mở.,Theo điều kiện guild/channel/role trong code,src/events/client/messageCreate.js:232,src/events/client/messageCreate.js:232,,active,
Album/Ảnh,auto:album-save,auto,"Tự lưu ảnh gửi vào Phòng Ảnh, upload Cloudinary/ImgBB fallback và xóa khi message bị xóa.",Theo điều kiện guild/channel/role trong code,src/events/client/messageCreate.js:378,src/events/client/messageCreate.js:378; src/events/client/messageDelete.js,,active,
Album/Ảnh,auto:phong-anh-help-reminder,auto,Nhắc hướng dẫn Phòng Ảnh theo inactivity/tuần.,Theo điều kiện guild/channel/role trong code,src/events/client/messageCreate.js:422,src/events/client/messageCreate.js:422,,active,
Thông báo/Boss/Lịch,auto:boss-schedule-debounce,auto,Gửi lại schedule embed trong kênh boss bằng debounce.,Theo điều kiện guild/channel/role trong code,src/events/client/messageCreate.js:482,src/events/client/messageCreate.js:482,,active,
Bang Chiến,auto:bc-overview-refresh,auto,Refresh overview Bang Chiến khi có hoạt động liên quan.,Theo điều kiện guild/channel/role trong code,src/events/client/messageCreate.js:540,src/events/client/messageCreate.js:540,,active,
Loto,auto:loto-channel-cleanup,auto,"Khi loto active, xóa tin nhắn không phải lệnh loto/ảnh trong kênh loto.",Theo điều kiện guild/channel/role trong code,src/events/client/messageCreate.js:632,src/events/client/messageCreate.js:632,,active,
Quản lý thành viên/role,auto:caprole-message-reaction,auto,Cấp role thông minh qua text/reaction trong phòng cấu hình.,Theo điều kiện guild/channel/role trong code,src/utils/caproleHandler.js,src/utils/caproleHandler.js; src/events/messageReactionAdd/reactionRoleAdd.js,,active,
EXP/Level,auto:text-exp,auto,"Cộng EXP chat cho tin nhắn thường, cooldown 60s, gán role mốc level.",Theo điều kiện guild/channel/role trong code,src/events/client/messageCreate.js:669,src/events/client/messageCreate.js:669,,active,
Reaction role,auto:reaction-role-add-remove,auto,Cấp/gỡ role khi reaction add/remove trên message đã cấu hình.,Theo điều kiện guild/channel/role trong code,src/events/messageReactionAdd/reactionRoleAdd.js,src/events/messageReactionAdd/reactionRoleAdd.js; src/events/messageReactionRemove/reactionRoleRemove.js,,active,
Admin/Hệ thống,customId:serverbot_*,button,Flow component serverbot_*.,Theo handler/customId và userId trong flow,src/events/client/interactionCreate.js,src/commands/admin/serverbot.js:95,serverbot_*,active,Pattern phát hiện trong handler/collector.
Admin/Hệ thống,customId:serverbot_invite_select_{...},select,Flow component serverbot_invite_select_{...}.,Theo handler/customId và userId trong flow,src/events/client/interactionCreate.js,src/commands/admin/serverbot.js:79,serverbot_invite_select_{...},active,Pattern phát hiện trong handler/collector.
Admin/Hệ thống,customId:serverbot_invite_select_*,select,Flow component serverbot_invite_select_*.,Theo handler/customId và userId trong flow,src/events/client/interactionCreate.js,src/commands/admin/serverbot.js:121,serverbot_invite_select_*,active,Pattern phát hiện trong handler/collector.
Admin/Hệ thống,customId:serverbot_next_{...},button,Flow component serverbot_next_{...}.,Theo handler/customId và userId trong flow,src/events/client/interactionCreate.js,src/commands/admin/serverbot.js:61,serverbot_next_{...},active,Pattern phát hiện trong handler/collector.
Admin/Hệ thống,customId:serverbot_page,button,Flow component serverbot_page.,Theo handler/customId và userId trong flow,src/events/client/interactionCreate.js,src/commands/admin/serverbot.js:56,serverbot_page,active,Pattern phát hiện trong handler/collector.
Admin/Hệ thống,customId:serverbot_prev_{...},button,Flow component serverbot_prev_{...}.,Theo handler/customId và userId trong flow,src/events/client/interactionCreate.js,src/commands/admin/serverbot.js:51,serverbot_prev_{...},active,Pattern phát hiện trong handler/collector.
Bang Chiến,customId:bangchien_finalize_{...},button,Flow quản lý đội hình Bang Chiến.,Theo handler/customId và userId trong flow,src/events/client/interactionCreate.js,src/commands/bangchien/bangchien.js:284,bangchien_finalize_{...},active,Pattern phát hiện trong handler/collector.
Bang Chiến,customId:bangchien_finalize_*,button,Flow quản lý đội hình Bang Chiến.,Theo handler/customId và userId trong flow,src/events/client/interactionCreate.js:147,src/events/client/interactionCreate.js:147,bangchien_finalize_*,active,Route trực tiếp trong interactionCreate.
Bang Chiến,customId:bangchien_finalize_*,button,Flow quản lý đội hình Bang Chiến.,Theo handler/customId và userId trong flow,src/events/client/interactionCreate.js,src/utils/bangchienManageHandlers.js:311,bangchien_finalize_*,active,Pattern phát hiện trong handler/collector.
Bang Chiến,customId:bangchien_join_{...},button,Flow đăng ký/hủy/áp dụng menu Bang Chiến.,Theo handler/customId và userId trong flow,src/events/client/interactionCreate.js,src/commands/bangchien/bangchien.js:260,bangchien_join_{...},active,Pattern phát hiện trong handler/collector.
Bang Chiến,customId:bangchien_join_*,button,Flow đăng ký/hủy/áp dụng menu Bang Chiến.,Theo handler/customId và userId trong flow,src/events/client/interactionCreate.js:132,src/events/client/interactionCreate.js:132,bangchien_join_*,active,Route trực tiếp trong interactionCreate.
Bang Chiến,customId:bangchien_join_*,button,Flow đăng ký/hủy/áp dụng menu Bang Chiến.,Theo handler/customId và userId trong flow,src/events/client/interactionCreate.js,src/utils/bangchienJoinLeaveHandlers.js:34,bangchien_join_*,active,Pattern phát hiện trong handler/collector.
Bang Chiến,customId:bangchien_kick_{...},button,Flow quản lý đội hình Bang Chiến.,Theo handler/customId và userId trong flow,src/events/client/interactionCreate.js,src/commands/bangchien/bangchien.js:276,bangchien_kick_{...},active,Pattern phát hiện trong handler/collector.
Bang Chiến,customId:bangchien_kick_*,button,Flow quản lý đội hình Bang Chiến.,Theo handler/customId và userId trong flow,src/events/client/interactionCreate.js:146,src/events/client/interactionCreate.js:146,bangchien_kick_*,active,Route trực tiếp trong interactionCreate.
Bang Chiến,customId:bangchien_kick_*,button,Flow quản lý đội hình Bang Chiến.,Theo handler/customId và userId trong flow,src/events/client/interactionCreate.js,src/utils/bangchienManageHandlers.js:195,bangchien_kick_*,active,Pattern phát hiện trong handler/collector.
Bang Chiến,customId:bangchien_kick_select_{...},select,Flow quản lý đội hình Bang Chiến.,Theo handler/customId và userId trong flow,src/events/client/interactionCreate.js,src/utils/bangchienManageHandlers.js:234,bangchien_kick_select_{...},active,Pattern phát hiện trong handler/collector.
Bang Chiến,customId:bangchien_kick_select_*,select,Flow quản lý đội hình Bang Chiến.,Theo handler/customId và userId trong flow,src/events/client/interactionCreate.js:247,src/events/client/interactionCreate.js:247,bangchien_kick_select_*,active,Route trực tiếp trong interactionCreate.
Bang Chiến,customId:bangchien_kick_select_*,select,Flow quản lý đội hình Bang Chiến.,Theo handler/customId và userId trong flow,src/events/client/interactionCreate.js,src/utils/selectMenuHandlers.js:64,bangchien_kick_select_*,active,Pattern phát hiện trong handler/collector.
Bang Chiến,customId:bangchien_leave_{...},button,Flow đăng ký/hủy/áp dụng menu Bang Chiến.,Theo handler/customId và userId trong flow,src/events/client/interactionCreate.js,src/commands/bangchien/bangchien.js:264,bangchien_leave_{...},active,Pattern phát hiện trong handler/collector.
Bang Chiến,customId:bangchien_leave_*,button,Flow đăng ký/hủy/áp dụng menu Bang Chiến.,Theo handler/customId và userId trong flow,src/events/client/interactionCreate.js:132,src/events/client/interactionCreate.js:132,bangchien_leave_*,active,Route trực tiếp trong interactionCreate.
Bang Chiến,customId:bangchien_leave_*,button,Flow đăng ký/hủy/áp dụng menu Bang Chiến.,Theo handler/customId và userId trong flow,src/events/client/interactionCreate.js,src/utils/bangchienJoinLeaveHandlers.js:159,bangchien_leave_*,active,Pattern phát hiện trong handler/collector.
Bang Chiến,customId:bangchien_priority_{...},button,Flow quản lý đội hình Bang Chiến.,Theo handler/customId và userId trong flow,src/events/client/interactionCreate.js,src/commands/bangchien/bangchien.js:280,bangchien_priority_{...},active,Pattern phát hiện trong handler/collector.
Bang Chiến,customId:bangchien_priority_*,button,Flow quản lý đội hình Bang Chiến.,Theo handler/customId và userId trong flow,src/events/client/interactionCreate.js:147,src/events/client/interactionCreate.js:147,bangchien_priority_*,active,Route trực tiếp trong interactionCreate.
Bang Chiến,customId:bangchien_priority_*,select,Flow quản lý đội hình Bang Chiến.,Theo handler/customId và userId trong flow,src/events/client/interactionCreate.js,src/utils/bangchienManageHandlers.js:253,bangchien_priority_*,active,Pattern phát hiện trong handler/collector.
Bang Chiến,customId:bangchien_priority_select_{...},select,Flow quản lý đội hình Bang Chiến.,Theo handler/customId và userId trong flow,src/events/client/interactionCreate.js,src/utils/bangchienManageHandlers.js:292,bangchien_priority_select_{...},active,Pattern phát hiện trong handler/collector.
Bang Chiến,customId:bangchien_priority_select_*,select,Flow quản lý đội hình Bang Chiến.,Theo handler/customId và userId trong flow,src/events/client/interactionCreate.js:247,src/events/client/interactionCreate.js:247,bangchien_priority_select_*,active,Route trực tiếp trong interactionCreate.
Bang Chiến,customId:bangchien_priority_select_*,select,Flow quản lý đội hình Bang Chiến.,Theo handler/customId và userId trong flow,src/events/client/interactionCreate.js,src/utils/bangchienManageHandlers.js:253,bangchien_priority_select_*,active,Pattern phát hiện trong handler/collector.
Bang Chiến,customId:bangchien_priority_select_*,select,Flow quản lý đội hình Bang Chiến.,Theo handler/customId và userId trong flow,src/events/client/interactionCreate.js,src/utils/selectMenuHandlers.js:135,bangchien_priority_select_*,active,Pattern phát hiện trong handler/collector.
Bang Chiến,customId:bangchien_regular_*,button,Flow component bangchien_regular_*.,Theo handler/customId và userId trong flow,src/events/client/interactionCreate.js,src/utils/bangchienManageHandlers.js:48,bangchien_regular_*,active,Pattern phát hiện trong handler/collector.
Bang Chiến,customId:bangchien_regular_cancel_{...}_{...},button,Flow component bangchien_regular_cancel_{...}_{...}.,Theo handler/customId và userId trong flow,src/events/client/interactionCreate.js,src/utils/bangchienManageHandlers.js:95,bangchien_regular_cancel_{...}_{...},active,Pattern phát hiện trong handler/collector.
Bang Chiến,customId:bangchien_regular_cancel_*,button,Flow component bangchien_regular_cancel_*.,Theo handler/customId và userId trong flow,src/events/client/interactionCreate.js,src/utils/bangchienManageHandlers.js:172,bangchien_regular_cancel_*,active,Pattern phát hiện trong handler/collector.
Bang Chiến,customId:bangchien_regular_confirm_{...}_{...},button,Flow component bangchien_regular_confirm_{...}_{...}.,Theo handler/customId và userId trong flow,src/events/client/interactionCreate.js,src/utils/bangchienManageHandlers.js:91,bangchien_regular_confirm_{...}_{...},active,Pattern phát hiện trong handler/collector.
Bang Chiến,customId:bangchien_regular_confirm_*,button,Flow component bangchien_regular_confirm_*.,Theo handler/customId và userId trong flow,src/events/client/interactionCreate.js,src/utils/bangchienManageHandlers.js:111,bangchien_regular_confirm_*,active,Pattern phát hiện trong handler/collector.
Bang Chiến,customId:bc_cancel_{...}_{...},button,Flow component bc_cancel_{...}_{...}.,Theo handler/customId và userId trong flow,src/events/client/interactionCreate.js,src/commands/bangchien/bangchien.js:612,bc_cancel_{...}_{...},active,Pattern phát hiện trong handler/collector.
Bang Chiến,customId:bc_cancel_${day}_${leaderId},button,Flow component bc_cancel_${day}_${leaderId}.,Theo handler/customId và userId trong flow,src/events/client/interactionCreate.js,src/commands/bangchien/bangchien.js:622,bc_cancel_${day}_${leaderId},active,Pattern phát hiện trong handler/collector.
Bang Chiến,customId:bc_confirm_{...}_{...},button,Flow component bc_confirm_{...}_{...}.,Theo handler/customId và userId trong flow,src/events/client/interactionCreate.js,src/commands/bangchien/bangchien.js:608,bc_confirm_{...}_{...},active,Pattern phát hiện trong handler/collector.
Bang Chiến,customId:bc_confirm_${day}_${leaderId},button,Flow component bc_confirm_${day}_${leaderId}.,Theo handler/customId và userId trong flow,src/events/client/interactionCreate.js,src/commands/bangchien/bangchien.js:622,bc_confirm_${day}_${leaderId},active,Pattern phát hiện trong handler/collector.
Bang Chiến,customId:bc_menu_{...},select,Flow đăng ký/hủy/áp dụng menu Bang Chiến.,Theo handler/customId và userId trong flow,src/events/client/interactionCreate.js,src/commands/bangchien/bangchien.js:374,bc_menu_{...},active,Pattern phát hiện trong handler/collector.
Bang Chiến,customId:bc_menu_*,select,Flow đăng ký/hủy/áp dụng menu Bang Chiến.,Theo handler/customId và userId trong flow,src/events/client/interactionCreate.js:159,src/events/client/interactionCreate.js:159,bc_menu_*,active,Route trực tiếp trong interactionCreate.
Bang Chiến,customId:bc_menu_*,select,Flow đăng ký/hủy/áp dụng menu Bang Chiến.,Theo handler/customId và userId trong flow,src/events/client/interactionCreate.js,src/utils/bcMenuHandlers.js:376,bc_menu_*,active,Pattern phát hiện trong handler/collector.
Bang Chiến,customId:bc_viewdetail_*,button,Flow component bc_viewdetail_*.,Theo handler/customId và userId trong flow,src/events/client/interactionCreate.js:160,src/events/client/interactionCreate.js:160,bc_viewdetail_*,active,Route trực tiếp trong interactionCreate.
Bang Chiến,customId:bc_viewdetail_*,select,Flow component bc_viewdetail_*.,Theo handler/customId và userId trong flow,src/events/client/interactionCreate.js,src/utils/bcMenuHandlers.js:378,bc_viewdetail_*,active,Pattern phát hiện trong handler/collector.
Bang Chiến,customId:bc_viewlist_{...},select,Flow component bc_viewlist_{...}.,Theo handler/customId và userId trong flow,src/events/client/interactionCreate.js,src/utils/bcMenuHandlers.js:417,bc_viewlist_{...},active,Pattern phát hiện trong handler/collector.
Bang Chiến,customId:bc_viewlist_*,button,Flow component bc_viewlist_*.,Theo handler/customId và userId trong flow,src/events/client/interactionCreate.js:160,src/events/client/interactionCreate.js:160,bc_viewlist_*,active,Route trực tiếp trong interactionCreate.
Bang Chiến,customId:bc_viewlist_*,select,Flow component bc_viewlist_*.,Theo handler/customId và userId trong flow,src/events/client/interactionCreate.js,src/utils/bcMenuHandlers.js:379,bc_viewlist_*,active,Pattern phát hiện trong handler/collector.
Bang Chiến,customId:bcend_cancel_{...},button,Flow component bcend_cancel_{...}.,Theo handler/customId và userId trong flow,src/events/client/interactionCreate.js,src/commands/bangchien/bcend.js:254,bcend_cancel_{...},active,Pattern phát hiện trong handler/collector.
Bang Chiến,customId:bcend_cancel_${message.author.id},button,Flow component bcend_cancel_${message.author.id}.,Theo handler/customId và userId trong flow,src/events/client/interactionCreate.js,src/commands/bangchien/bcend.js:263,bcend_cancel_${message.author.id},active,Pattern phát hiện trong handler/collector.
Bang Chiến,customId:bcend_cancel_all_{...},button,Flow component bcend_cancel_all_{...}.,Theo handler/customId và userId trong flow,src/events/client/interactionCreate.js,src/commands/bangchien/bcend.js:71,bcend_cancel_all_{...},active,Pattern phát hiện trong handler/collector.
Bang Chiến,customId:bcend_cancel_all_${message.author.id},button,Flow component bcend_cancel_all_${message.author.id}.,Theo handler/customId và userId trong flow,src/events/client/interactionCreate.js,src/commands/bangchien/bcend.js:80,bcend_cancel_all_${message.author.id},active,Pattern phát hiện trong handler/collector.
Bang Chiến,customId:bcend_confirm_{...},button,Flow component bcend_confirm_{...}.,Theo handler/customId và userId trong flow,src/events/client/interactionCreate.js,src/commands/bangchien/bcend.js:250,bcend_confirm_{...},active,Pattern phát hiện trong handler/collector.
Bang Chiến,customId:bcend_confirm_${message.author.id},button,Flow component bcend_confirm_${message.author.id}.,Theo handler/customId và userId trong flow,src/events/client/interactionCreate.js,src/commands/bangchien/bcend.js:263,bcend_confirm_${message.author.id},active,Pattern phát hiện trong handler/collector.
Bang Chiến,customId:bcend_confirm_all_{...},button,Flow component bcend_confirm_all_{...}.,Theo handler/customId và userId trong flow,src/events/client/interactionCreate.js,src/commands/bangchien/bcend.js:67,bcend_confirm_all_{...},active,Pattern phát hiện trong handler/collector.
Bang Chiến,customId:bcend_confirm_all_${message.author.id},button,Flow component bcend_confirm_all_${message.author.id}.,Theo handler/customId và userId trong flow,src/events/client/interactionCreate.js,src/commands/bangchien/bcend.js:80,bcend_confirm_all_${message.author.id},active,Pattern phát hiện trong handler/collector.
Bang Chiến,customId:bcmenu_*,select,Flow đăng ký/hủy/áp dụng menu Bang Chiến.,Theo handler/customId và userId trong flow,src/events/client/interactionCreate.js:159,src/events/client/interactionCreate.js:159,bcmenu_*,active,Route trực tiếp trong interactionCreate.
Bang Chiến,customId:bcmenu_*,select,Flow đăng ký/hủy/áp dụng menu Bang Chiến.,Theo handler/customId và userId trong flow,src/events/client/interactionCreate.js,src/utils/bcMenuHandlers.js:375,bcmenu_*,active,Pattern phát hiện trong handler/collector.
Bang Chiến,customId:bcmenu_apply_{...},select,Flow đăng ký/hủy/áp dụng menu Bang Chiến.,Theo handler/customId và userId trong flow,src/events/client/interactionCreate.js,src/utils/bcMenuHandlers.js:150,bcmenu_apply_{...},active,Pattern phát hiện trong handler/collector.
Bang Chiến,customId:bcmenu_apply_*,select,Flow đăng ký/hủy/áp dụng menu Bang Chiến.,Theo handler/customId và userId trong flow,src/events/client/interactionCreate.js,src/utils/bcMenuHandlers.js:441,bcmenu_apply_*,active,Pattern phát hiện trong handler/collector.
Bang Chiến,customId:bcmenu_close_{...},select,Flow đăng ký/hủy/áp dụng menu Bang Chiến.,Theo handler/customId và userId trong flow,src/events/client/interactionCreate.js,src/utils/bcMenuHandlers.js:154,bcmenu_close_{...},active,Pattern phát hiện trong handler/collector.
Bang Chiến,customId:bcmenu_close_*,select,Flow đăng ký/hủy/áp dụng menu Bang Chiến.,Theo handler/customId và userId trong flow,src/events/client/interactionCreate.js,src/utils/bcMenuHandlers.js:435,bcmenu_close_*,active,Pattern phát hiện trong handler/collector.
Bang Chiến,customId:bcmenu_select_{...},select,Flow đăng ký/hủy/áp dụng menu Bang Chiến.,Theo handler/customId và userId trong flow,src/events/client/interactionCreate.js,src/utils/bcMenuHandlers.js:141,bcmenu_select_{...},active,Pattern phát hiện trong handler/collector.
Bang Chiến,customId:bcmenu_select_*,select,Flow đăng ký/hủy/áp dụng menu Bang Chiến.,Theo handler/customId và userId trong flow,src/events/client/interactionCreate.js:239,src/events/client/interactionCreate.js:239,bcmenu_select_*,active,Route trực tiếp trong interactionCreate.
Bang Chiến,customId:bcmenu_select_*,select,Flow đăng ký/hủy/áp dụng menu Bang Chiến.,Theo handler/customId và userId trong flow,src/events/client/interactionCreate.js,src/utils/bcMenuHandlers.js:361,bcmenu_select_*,active,Pattern phát hiện trong handler/collector.
Bang Chiến,customId:bcql_*,button,Panel quản lý Bang Chiến.,Theo handler/customId và userId trong flow,src/events/client/interactionCreate.js:153,src/events/client/interactionCreate.js:153,bcql_*,active,Route trực tiếp trong interactionCreate.
Bang Chiến,customId:bcql_*,select,Panel quản lý Bang Chiến.,Theo handler/customId và userId trong flow,src/events/client/interactionCreate.js:253,src/events/client/interactionCreate.js:253,bcql_*,active,Route trực tiếp trong interactionCreate.
Bang Chiến,customId:bcql_*,button,Panel quản lý Bang Chiến.,Theo handler/customId và userId trong flow,src/events/client/interactionCreate.js,src/utils/bcqlHandlers.js:151,bcql_*,active,Pattern phát hiện trong handler/collector.
Bang Chiến,customId:bcql_add_{...}_{...},button,Panel quản lý Bang Chiến.,Theo handler/customId và userId trong flow,src/events/client/interactionCreate.js,src/commands/bangchien/bcquanly.js:133,bcql_add_{...}_{...},active,Pattern phát hiện trong handler/collector.
Bang Chiến,customId:bcql_add_{...}_{...},button,Panel quản lý Bang Chiến.,Theo handler/customId và userId trong flow,src/events/client/interactionCreate.js,src/commands/bangchien/listbangchien.js:340,bcql_add_{...}_{...},active,Pattern phát hiện trong handler/collector.
Bang Chiến,customId:bcql_add_*,button,Panel quản lý Bang Chiến.,Theo handler/customId và userId trong flow,src/events/client/interactionCreate.js,src/utils/bcqlHandlers.js:393,bcql_add_*,active,Pattern phát hiện trong handler/collector.
Bang Chiến,customId:bcql_add_modal_{...}_{...},modal,Panel quản lý Bang Chiến.,Theo handler/customId và userId trong flow,src/events/client/interactionCreate.js,src/utils/bcqlHandlers.js:396,bcql_add_modal_{...}_{...},active,Pattern phát hiện trong handler/collector.
Bang Chiến,customId:bcql_add_modal_*,modal,Panel quản lý Bang Chiến.,Theo handler/customId và userId trong flow,src/events/client/interactionCreate.js,src/utils/bcqlHandlers.js:903,bcql_add_modal_*,active,Pattern phát hiện trong handler/collector.
Bang Chiến,customId:bcql_finalize_{...}_{...},button,Panel quản lý Bang Chiến.,Theo handler/customId và userId trong flow,src/events/client/interactionCreate.js,src/commands/bangchien/bcquanly.js:117,bcql_finalize_{...}_{...},active,Pattern phát hiện trong handler/collector.
Bang Chiến,customId:bcql_finalize_{...}_{...},button,Panel quản lý Bang Chiến.,Theo handler/customId và userId trong flow,src/events/client/interactionCreate.js,src/commands/bangchien/listbangchien.js:324,bcql_finalize_{...}_{...},active,Pattern phát hiện trong handler/collector.
Bang Chiến,customId:bcql_finalize_*,button,Panel quản lý Bang Chiến.,Theo handler/customId và userId trong flow,src/events/client/interactionCreate.js,src/utils/bcqlHandlers.js:248,bcql_finalize_*,active,Pattern phát hiện trong handler/collector.
Bang Chiến,customId:bcql_kick_{...}_{...},button,Panel quản lý Bang Chiến.,Theo handler/customId và userId trong flow,src/events/client/interactionCreate.js,src/commands/bangchien/bcquanly.js:113,bcql_kick_{...}_{...},active,Pattern phát hiện trong handler/collector.
Bang Chiến,customId:bcql_kick_{...}_{...},button,Panel quản lý Bang Chiến.,Theo handler/customId và userId trong flow,src/events/client/interactionCreate.js,src/commands/bangchien/listbangchien.js:320,bcql_kick_{...}_{...},active,Pattern phát hiện trong handler/collector.
Bang Chiến,customId:bcql_kick_*,button,Panel quản lý Bang Chiến.,Theo handler/customId và userId trong flow,src/events/client/interactionCreate.js,src/utils/bcqlHandlers.js:184,bcql_kick_*,active,Pattern phát hiện trong handler/collector.
Bang Chiến,customId:bcql_kick_select_{...}_{...},select,Panel quản lý Bang Chiến.,Theo handler/customId và userId trong flow,src/events/client/interactionCreate.js,src/utils/bcqlHandlers.js:208,bcql_kick_select_{...}_{...},active,Pattern phát hiện trong handler/collector.
Bang Chiến,customId:bcql_kick_select_*,select,Panel quản lý Bang Chiến.,Theo handler/customId và userId trong flow,src/events/client/interactionCreate.js,src/utils/bcqlHandlers.js:571,bcql_kick_select_*,active,Pattern phát hiện trong handler/collector.
Bang Chiến,customId:bcql_priority_*,button,Panel quản lý Bang Chiến.,Theo handler/customId và userId trong flow,src/events/client/interactionCreate.js,src/utils/bcqlHandlers.js:220,bcql_priority_*,active,Pattern phát hiện trong handler/collector.
Bang Chiến,customId:bcql_priority_select_{...}_{...},select,Panel quản lý Bang Chiến.,Theo handler/customId và userId trong flow,src/events/client/interactionCreate.js,src/utils/bcqlHandlers.js:236,bcql_priority_select_{...}_{...},active,Pattern phát hiện trong handler/collector.
Bang Chiến,customId:bcql_priority_select_*,select,Panel quản lý Bang Chiến.,Theo handler/customId và userId trong flow,src/events/client/interactionCreate.js,src/utils/bcqlHandlers.js:624,bcql_priority_select_*,active,Pattern phát hiện trong handler/collector.
Bang Chiến,customId:bcql_resize_{...}_{...},button,Panel quản lý Bang Chiến.,Theo handler/customId và userId trong flow,src/events/client/interactionCreate.js,src/commands/bangchien/bcquanly.js:121,bcql_resize_{...}_{...},active,Pattern phát hiện trong handler/collector.
Bang Chiến,customId:bcql_resize_{...}_{...},button,Panel quản lý Bang Chiến.,Theo handler/customId và userId trong flow,src/events/client/interactionCreate.js,src/commands/bangchien/listbangchien.js:328,bcql_resize_{...}_{...},active,Pattern phát hiện trong handler/collector.
Bang Chiến,customId:bcql_resize_*,button,Panel quản lý Bang Chiến.,Theo handler/customId và userId trong flow,src/events/client/interactionCreate.js,src/utils/bcqlHandlers.js:452,bcql_resize_*,active,Pattern phát hiện trong handler/collector.
Bang Chiến,customId:bcql_resize_modal_{...}_{...},modal,Panel quản lý Bang Chiến.,Theo handler/customId và userId trong flow,src/events/client/interactionCreate.js,src/utils/bcqlHandlers.js:455,bcql_resize_modal_{...}_{...},active,Pattern phát hiện trong handler/collector.
Bang Chiến,customId:bcql_resize_modal_*,modal,Panel quản lý Bang Chiến.,Theo handler/customId và userId trong flow,src/events/client/interactionCreate.js,src/utils/bcqlHandlers.js:978,bcql_resize_modal_*,active,Pattern phát hiện trong handler/collector.
Bang Chiến,customId:bcql_setleader_{...}_{...},button,Panel quản lý Bang Chiến.,Theo handler/customId và userId trong flow,src/events/client/interactionCreate.js,src/commands/bangchien/bcquanly.js:137,bcql_setleader_{...}_{...},active,Pattern phát hiện trong handler/collector.
Bang Chiến,customId:bcql_setleader_{...}_{...},button,Panel quản lý Bang Chiến.,Theo handler/customId và userId trong flow,src/events/client/interactionCreate.js,src/commands/bangchien/listbangchien.js:344,bcql_setleader_{...}_{...},active,Pattern phát hiện trong handler/collector.
Bang Chiến,customId:bcql_setleader_*,button,Panel quản lý Bang Chiến.,Theo handler/customId và userId trong flow,src/events/client/interactionCreate.js,src/utils/bcqlHandlers.js:517,bcql_setleader_*,active,Pattern phát hiện trong handler/collector.
Bang Chiến,customId:bcql_setleader_modal_{...}_{...},modal,Panel quản lý Bang Chiến.,Theo handler/customId và userId trong flow,src/events/client/interactionCreate.js,src/utils/bcqlHandlers.js:520,bcql_setleader_modal_{...}_{...},active,Pattern phát hiện trong handler/collector.
Bang Chiến,customId:bcql_setleader_modal_*,modal,Panel quản lý Bang Chiến.,Theo handler/customId và userId trong flow,src/events/client/interactionCreate.js,src/utils/bcqlHandlers.js:1056,bcql_setleader_modal_*,active,Pattern phát hiện trong handler/collector.
Bang Chiến,customId:bcql_size_*,button,Panel quản lý Bang Chiến.,Theo handler/customId và userId trong flow,src/events/client/interactionCreate.js,src/utils/bcqlHandlers.js:425,bcql_size_*,active,Pattern phát hiện trong handler/collector.
Bang Chiến,customId:bcql_swap_{...}_{...},button,Panel quản lý Bang Chiến.,Theo handler/customId và userId trong flow,src/events/client/interactionCreate.js,src/commands/bangchien/bcquanly.js:129,bcql_swap_{...}_{...},active,Pattern phát hiện trong handler/collector.
Bang Chiến,customId:bcql_swap_{...}_{...},button,Panel quản lý Bang Chiến.,Theo handler/customId và userId trong flow,src/events/client/interactionCreate.js,src/commands/bangchien/listbangchien.js:336,bcql_swap_{...}_{...},active,Pattern phát hiện trong handler/collector.
Bang Chiến,customId:bcql_swap_*,button,Panel quản lý Bang Chiến.,Theo handler/customId và userId trong flow,src/events/client/interactionCreate.js,src/utils/bcqlHandlers.js:361,bcql_swap_*,active,Pattern phát hiện trong handler/collector.
Bang Chiến,customId:bcql_swap_modal_{...}_{...},modal,Panel quản lý Bang Chiến.,Theo handler/customId và userId trong flow,src/events/client/interactionCreate.js,src/utils/bcqlHandlers.js:364,bcql_swap_modal_{...}_{...},active,Pattern phát hiện trong handler/collector.
Bang Chiến,customId:bcql_swap_modal_*,modal,Panel quản lý Bang Chiến.,Theo handler/customId và userId trong flow,src/events/client/interactionCreate.js,src/utils/bcqlHandlers.js:717,bcql_swap_modal_*,active,Pattern phát hiện trong handler/collector.
Bang Chiến,customId:bcswap_*,button,Select đổi vị trí Bang Chiến.,Theo handler/customId và userId trong flow,src/events/client/interactionCreate.js:309,src/events/client/interactionCreate.js:309,bcswap_*,active,Route trực tiếp trong interactionCreate.
Booster voice room,customId:booster_create,button,Điều khiển Booster VIP voice room.,Theo handler/customId và userId trong flow,src/events/client/interactionCreate.js:192,src/events/client/interactionCreate.js:192,booster_create,active,Route trực tiếp trong interactionCreate.
Booster voice room,customId:booster_create,button,Điều khiển Booster VIP voice room.,Theo handler/customId và userId trong flow,src/events/client/interactionCreate.js,src/utils/boosterVoiceHandlers.js:982,booster_create,active,Pattern phát hiện trong handler/collector.
Booster voice room,customId:booster_create,button,Điều khiển Booster VIP voice room.,Theo handler/customId và userId trong flow,src/events/client/interactionCreate.js,src/commands/booster/setbooster.js:57,booster_create,active,Pattern phát hiện trong handler/collector.
Booster voice room,customId:booster_delete,button,Điều khiển Booster VIP voice room.,Theo handler/customId và userId trong flow,src/events/client/interactionCreate.js:192,src/events/client/interactionCreate.js:192,booster_delete,active,Route trực tiếp trong interactionCreate.
Booster voice room,customId:booster_delete,button,Điều khiển Booster VIP voice room.,Theo handler/customId và userId trong flow,src/events/client/interactionCreate.js,src/utils/boosterVoiceHandlers.js:1057,booster_delete,active,Pattern phát hiện trong handler/collector.
Booster voice room,customId:booster_delete,button,Điều khiển Booster VIP voice room.,Theo handler/customId và userId trong flow,src/events/client/interactionCreate.js,src/commands/booster/setbooster.js:62,booster_delete,active,Pattern phát hiện trong handler/collector.
Booster voice room,customId:boostvc_*,button,Điều khiển Booster VIP voice room.,Theo handler/customId và userId trong flow,src/events/client/interactionCreate.js:186,src/events/client/interactionCreate.js:186,boostvc_*,active,Route trực tiếp trong interactionCreate.
Booster voice room,customId:boostvc_*,button,Điều khiển Booster VIP voice room.,Theo handler/customId và userId trong flow,src/events/client/interactionCreate.js,src/utils/boosterVoiceHandlers.js:297,boostvc_*,active,Pattern phát hiện trong handler/collector.
Booster voice room,customId:boostvc_add_{...},button,Điều khiển Booster VIP voice room.,Theo handler/customId và userId trong flow,src/events/client/interactionCreate.js,src/utils/boosterVoiceHandlers.js:156,boostvc_add_{...},active,Pattern phát hiện trong handler/collector.
Booster voice room,customId:boostvc_autolock_{...},button,Điều khiển Booster VIP voice room.,Theo handler/customId và userId trong flow,src/events/client/interactionCreate.js,src/utils/boosterVoiceHandlers.js:204,boostvc_autolock_{...},active,Pattern phát hiện trong handler/collector.
Booster voice room,customId:boostvc_clearchat_{...},button,Điều khiển Booster VIP voice room.,Theo handler/customId và userId trong flow,src/events/client/interactionCreate.js,src/utils/boosterVoiceHandlers.js:185,boostvc_clearchat_{...},active,Pattern phát hiện trong handler/collector.
Booster voice room,customId:boostvc_help_{...},button,Điều khiển Booster VIP voice room.,Theo handler/customId và userId trong flow,src/events/client/interactionCreate.js,src/utils/boosterVoiceHandlers.js:142,boostvc_help_{...},active,Pattern phát hiện trong handler/collector.
Booster voice room,customId:boostvc_hidden_{...},button,Điều khiển Booster VIP voice room.,Theo handler/customId và userId trong flow,src/events/client/interactionCreate.js,src/utils/boosterVoiceHandlers.js:127,boostvc_hidden_{...},active,Pattern phát hiện trong handler/collector.
Booster voice room,customId:boostvc_list_{...},button,Điều khiển Booster VIP voice room.,Theo handler/customId và userId trong flow,src/events/client/interactionCreate.js,src/utils/boosterVoiceHandlers.js:166,boostvc_list_{...},active,Pattern phát hiện trong handler/collector.
Booster voice room,customId:boostvc_lock_{...},button,Điều khiển Booster VIP voice room.,Theo handler/customId và userId trong flow,src/events/client/interactionCreate.js,src/utils/boosterVoiceHandlers.js:137,boostvc_lock_{...},active,Pattern phát hiện trong handler/collector.
Booster voice room,customId:boostvc_modal_*,modal,Điều khiển Booster VIP voice room.,Theo handler/customId và userId trong flow,src/events/client/interactionCreate.js:373,src/events/client/interactionCreate.js:373,boostvc_modal_*,active,Route trực tiếp trong interactionCreate.
Booster voice room,customId:boostvc_modal_*,modal,Điều khiển Booster VIP voice room.,Theo handler/customId và userId trong flow,src/events/client/interactionCreate.js,src/utils/boosterVoiceHandlers.js:845,boostvc_modal_*,active,Pattern phát hiện trong handler/collector.
Booster voice room,customId:boostvc_modal_add_{...},modal,Điều khiển Booster VIP voice room.,Theo handler/customId và userId trong flow,src/events/client/interactionCreate.js,src/utils/boosterVoiceHandlers.js:337,boostvc_modal_add_{...},active,Pattern phát hiện trong handler/collector.
Booster voice room,customId:boostvc_modal_rename_{...},modal,Điều khiển Booster VIP voice room.,Theo handler/customId và userId trong flow,src/events/client/interactionCreate.js,src/utils/boosterVoiceHandlers.js:671,boostvc_modal_rename_{...},active,Pattern phát hiện trong handler/collector.
Booster voice room,customId:boostvc_mute_{...},button,Điều khiển Booster VIP voice room.,Theo handler/customId và userId trong flow,src/events/client/interactionCreate.js,src/utils/boosterVoiceHandlers.js:175,boostvc_mute_{...},active,Pattern phát hiện trong handler/collector.
Booster voice room,customId:boostvc_mute_select_{...},select,Điều khiển Booster VIP voice room.,Theo handler/customId và userId trong flow,src/events/client/interactionCreate.js,src/utils/boosterVoiceHandlers.js:489,boostvc_mute_select_{...},active,Pattern phát hiện trong handler/collector.
Booster voice room,customId:boostvc_public_{...},button,Điều khiển Booster VIP voice room.,Theo handler/customId và userId trong flow,src/events/client/interactionCreate.js,src/utils/boosterVoiceHandlers.js:132,boostvc_public_{...},active,Pattern phát hiện trong handler/collector.
Booster voice room,customId:boostvc_region_{...},button,Điều khiển Booster VIP voice room.,Theo handler/customId và userId trong flow,src/events/client/interactionCreate.js,src/utils/boosterVoiceHandlers.js:199,boostvc_region_{...},active,Pattern phát hiện trong handler/collector.
Booster voice room,customId:boostvc_region_select_{...},select,Điều khiển Booster VIP voice room.,Theo handler/customId và userId trong flow,src/events/client/interactionCreate.js,src/utils/boosterVoiceHandlers.js:655,boostvc_region_select_{...},active,Pattern phát hiện trong handler/collector.
Booster voice room,customId:boostvc_remove_{...},button,Điều khiển Booster VIP voice room.,Theo handler/customId và userId trong flow,src/events/client/interactionCreate.js,src/utils/boosterVoiceHandlers.js:161,boostvc_remove_{...},active,Pattern phát hiện trong handler/collector.
Booster voice room,customId:boostvc_remove_select_{...},select,Điều khiển Booster VIP voice room.,Theo handler/customId và userId trong flow,src/events/client/interactionCreate.js,src/utils/boosterVoiceHandlers.js:378,boostvc_remove_select_{...},active,Pattern phát hiện trong handler/collector.
Booster voice room,customId:boostvc_rename_{...},button,Điều khiển Booster VIP voice room.,Theo handler/customId và userId trong flow,src/events/client/interactionCreate.js,src/utils/boosterVoiceHandlers.js:194,boostvc_rename_{...},active,Pattern phát hiện trong handler/collector.
Booster voice room,customId:boostvc_togglelist_{...},button,Điều khiển Booster VIP voice room.,Theo handler/customId và userId trong flow,src/events/client/interactionCreate.js,src/utils/boosterVoiceHandlers.js:151,boostvc_togglelist_{...},active,Pattern phát hiện trong handler/collector.
Booster voice room,customId:boostvc_unmute_{...},button,Điều khiển Booster VIP voice room.,Theo handler/customId và userId trong flow,src/events/client/interactionCreate.js,src/utils/boosterVoiceHandlers.js:180,boostvc_unmute_{...},active,Pattern phát hiện trong handler/collector.
Booster voice room,customId:boostvc_unmute_select_{...},select,Điều khiển Booster VIP voice room.,Theo handler/customId và userId trong flow,src/events/client/interactionCreate.js,src/utils/boosterVoiceHandlers.js:523,boostvc_unmute_select_{...},active,Pattern phát hiện trong handler/collector.
Khác/Nội bộ,customId:addid_cancel_*,button,Xác nhận/reset/rejoin UID chờ.,Theo handler/customId và userId trong flow,src/events/client/interactionCreate.js:111,src/events/client/interactionCreate.js:111,addid_cancel_*,active,Route trực tiếp trong interactionCreate.
Khác/Nội bộ,customId:addid_cancel_*,button,Xác nhận/reset/rejoin UID chờ.,Theo handler/customId và userId trong flow,src/events/client/interactionCreate.js,src/utils/quanlyHandlers.js:75,addid_cancel_*,active,Pattern phát hiện trong handler/collector.
Khác/Nội bộ,customId:addid_confirm_*,button,Xác nhận/reset/rejoin UID chờ.,Theo handler/customId và userId trong flow,src/events/client/interactionCreate.js:110,src/events/client/interactionCreate.js:110,addid_confirm_*,active,Route trực tiếp trong interactionCreate.
Khác/Nội bộ,customId:addid_confirm_*,button,Xác nhận/reset/rejoin UID chờ.,Theo handler/customId và userId trong flow,src/events/client/interactionCreate.js,src/utils/quanlyHandlers.js:75,addid_confirm_*,active,Pattern phát hiện trong handler/collector.
Khác/Nội bộ,customId:addid_rejoin_*,button,Xác nhận/reset/rejoin UID chờ.,Theo handler/customId và userId trong flow,src/events/client/interactionCreate.js:112,src/events/client/interactionCreate.js:112,addid_rejoin_*,active,Route trực tiếp trong interactionCreate.
Khác/Nội bộ,customId:addid_rejoin_*,button,Xác nhận/reset/rejoin UID chờ.,Theo handler/customId và userId trong flow,src/events/client/interactionCreate.js,src/utils/quanlyHandlers.js:76,addid_rejoin_*,active,Pattern phát hiện trong handler/collector.
Khác/Nội bộ,customId:addid_reset_*,button,Xác nhận/reset/rejoin UID chờ.,Theo handler/customId và userId trong flow,src/events/client/interactionCreate.js:111,src/events/client/interactionCreate.js:111,addid_reset_*,active,Route trực tiếp trong interactionCreate.
Khác/Nội bộ,customId:addid_reset_*,button,Xác nhận/reset/rejoin UID chờ.,Theo handler/customId và userId trong flow,src/events/client/interactionCreate.js,src/utils/quanlyHandlers.js:76,addid_reset_*,active,Pattern phát hiện trong handler/collector.
Khác/Nội bộ,customId:addid_resetcancel_*,button,Xác nhận/reset/rejoin UID chờ.,Theo handler/customId và userId trong flow,src/events/client/interactionCreate.js:112,src/events/client/interactionCreate.js:112,addid_resetcancel_*,active,Route trực tiếp trong interactionCreate.
Khác/Nội bộ,customId:addid_resetcancel_*,button,Xác nhận/reset/rejoin UID chờ.,Theo handler/customId và userId trong flow,src/events/client/interactionCreate.js,src/utils/quanlyHandlers.js:77,addid_resetcancel_*,active,Pattern phát hiện trong handler/collector.
Khác/Nội bộ,customId:album_*,button,Điều hướng album ảnh.,Theo handler/customId và userId trong flow,src/events/client/interactionCreate.js:167,src/events/client/interactionCreate.js:167,album_*,active,Route trực tiếp trong interactionCreate.
Khác/Nội bộ,customId:album_*,button,Điều hướng album ảnh.,Theo handler/customId và userId trong flow,src/events/client/interactionCreate.js,src/utils/albumHandlers.js:14,album_*,active,Pattern phát hiện trong handler/collector.
Khác/Nội bộ,customId:album_delete_{...}_{...},button,Điều hướng album ảnh.,Theo handler/customId và userId trong flow,src/events/client/interactionCreate.js,src/utils/albumHandlers.js:176,album_delete_{...}_{...},active,Pattern phát hiện trong handler/collector.
Khác/Nội bộ,customId:album_next_{...}_{...},button,Điều hướng album ảnh.,Theo handler/customId và userId trong flow,src/events/client/interactionCreate.js,src/utils/albumHandlers.js:164,album_next_{...}_{...},active,Pattern phát hiện trong handler/collector.
Khác/Nội bộ,customId:album_page_{...},button,Điều hướng album ảnh.,Theo handler/customId và userId trong flow,src/events/client/interactionCreate.js,src/utils/albumHandlers.js:159,album_page_{...},active,Pattern phát hiện trong handler/collector.
Khác/Nội bộ,customId:album_prev_{...}_{...},button,Điều hướng album ảnh.,Theo handler/customId và userId trong flow,src/events/client/interactionCreate.js,src/utils/albumHandlers.js:154,album_prev_{...}_{...},active,Pattern phát hiện trong handler/collector.
Khác/Nội bộ,customId:all_sizes,button,Flow component all_sizes.,Theo handler/customId và userId trong flow,src/events/client/interactionCreate.js,src/utils/bcqlHandlers.js:469,all_sizes,active,Pattern phát hiện trong handler/collector.
Khác/Nội bộ,customId:cancel_delete_all*,button,Xác nhận/hủy/sửa/xóa thông báo.,Theo handler/customId và userId trong flow,src/events/client/interactionCreate.js:94,src/events/client/interactionCreate.js:94,cancel_delete_all*,active,Route trực tiếp trong interactionCreate.
Khác/Nội bộ,customId:cancel_delete_all*,button,Xác nhận/hủy/sửa/xóa thông báo.,Theo handler/customId và userId trong flow,src/events/client/interactionCreate.js,src/utils/thongbaoHandlers.js:363,cancel_delete_all*,active,Pattern phát hiện trong handler/collector.
Khác/Nội bộ,customId:cancel_edit_*,button,Xác nhận/hủy/sửa/xóa thông báo.,Theo handler/customId và userId trong flow,src/events/client/interactionCreate.js:91,src/events/client/interactionCreate.js:91,cancel_edit_*,active,Route trực tiếp trong interactionCreate.
Khác/Nội bộ,customId:cancel_edit_*,button,Xác nhận/hủy/sửa/xóa thông báo.,Theo handler/customId và userId trong flow,src/events/client/interactionCreate.js,src/utils/thongbaoHandlers.js:95,cancel_edit_*,active,Pattern phát hiện trong handler/collector.
Khác/Nội bộ,customId:canceldeleteall_*,button,Xác nhận/hủy/sửa/xóa thông báo.,Theo handler/customId và userId trong flow,src/events/client/interactionCreate.js:110,src/events/client/interactionCreate.js:110,canceldeleteall_*,active,Route trực tiếp trong interactionCreate.
Khác/Nội bộ,customId:canceldeleteall_*,button,Xác nhận/hủy/sửa/xóa thông báo.,Theo handler/customId và userId trong flow,src/events/client/interactionCreate.js,src/utils/quanlyHandlers.js:67,canceldeleteall_*,active,Pattern phát hiện trong handler/collector.
Khác/Nội bộ,customId:confirm_delete_all*,button,Xác nhận/hủy/sửa/xóa thông báo.,Theo handler/customId và userId trong flow,src/events/client/interactionCreate.js:93,src/events/client/interactionCreate.js:93,confirm_delete_all*,active,Route trực tiếp trong interactionCreate.
Khác/Nội bộ,customId:confirm_delete_all*,button,Xác nhận/hủy/sửa/xóa thông báo.,Theo handler/customId và userId trong flow,src/events/client/interactionCreate.js,src/utils/thongbaoHandlers.js:328,confirm_delete_all*,active,Pattern phát hiện trong handler/collector.
Khác/Nội bộ,customId:confirm_edit_*,button,Xác nhận/hủy/sửa/xóa thông báo.,Theo handler/customId và userId trong flow,src/events/client/interactionCreate.js:91,src/events/client/interactionCreate.js:91,confirm_edit_*,active,Route trực tiếp trong interactionCreate.
Khác/Nội bộ,customId:confirm_edit_*,button,Xác nhận/hủy/sửa/xóa thông báo.,Theo handler/customId và userId trong flow,src/events/client/interactionCreate.js,src/utils/thongbaoHandlers.js:39,confirm_edit_*,active,Pattern phát hiện trong handler/collector.
Khác/Nội bộ,customId:confirmdeleteall_*,button,Xác nhận/hủy/sửa/xóa thông báo.,Theo handler/customId và userId trong flow,src/events/client/interactionCreate.js:109,src/events/client/interactionCreate.js:109,confirmdeleteall_*,active,Route trực tiếp trong interactionCreate.
Khác/Nội bộ,customId:confirmdeleteall_*,button,Xác nhận/hủy/sửa/xóa thông báo.,Theo handler/customId và userId trong flow,src/events/client/interactionCreate.js,src/utils/quanlyHandlers.js:67,confirmdeleteall_*,active,Pattern phát hiện trong handler/collector.
Khác/Nội bộ,customId:delguild_*,button,Xác nhận/hủy/sửa/xóa thông báo.,Theo handler/customId và userId trong flow,src/events/client/interactionCreate.js:93,src/events/client/interactionCreate.js:93,delguild_*,active,Route trực tiếp trong interactionCreate.
Khác/Nội bộ,customId:delguild_*,button,Xác nhận/hủy/sửa/xóa thông báo.,Theo handler/customId và userId trong flow,src/events/client/interactionCreate.js,src/utils/thongbaoHandlers.js:217,delguild_*,active,Pattern phát hiện trong handler/collector.
Khác/Nội bộ,customId:edit_cancel_*,button,Xác nhận/hủy/sửa/xóa thông báo.,Theo handler/customId và userId trong flow,src/events/client/interactionCreate.js:92,src/events/client/interactionCreate.js:92,edit_cancel_*,active,Route trực tiếp trong interactionCreate.
Khác/Nội bộ,customId:edit_cancel_*,button,Xác nhận/hủy/sửa/xóa thông báo.,Theo handler/customId và userId trong flow,src/events/client/interactionCreate.js,src/utils/thongbaoHandlers.js:194,edit_cancel_*,active,Pattern phát hiện trong handler/collector.
Khác/Nội bộ,customId:edit_confirm_*,button,Xác nhận/hủy/sửa/xóa thông báo.,Theo handler/customId và userId trong flow,src/events/client/interactionCreate.js:92,src/events/client/interactionCreate.js:92,edit_confirm_*,active,Route trực tiếp trong interactionCreate.
Khác/Nội bộ,customId:edit_confirm_*,button,Xác nhận/hủy/sửa/xóa thông báo.,Theo handler/customId và userId trong flow,src/events/client/interactionCreate.js,src/utils/thongbaoHandlers.js:116,edit_confirm_*,active,Pattern phát hiện trong handler/collector.
Khác/Nội bộ,customId:leaders_input,button,Flow component leaders_input.,Theo handler/customId và userId trong flow,src/events/client/interactionCreate.js,src/utils/bcqlHandlers.js:532,leaders_input,active,Pattern phát hiện trong handler/collector.
Khác/Nội bộ,customId:lenhquanly_*,button,Flow component lenhquanly_*.,Theo handler/customId và userId trong flow,src/events/client/interactionCreate.js:96,src/events/client/interactionCreate.js:96,lenhquanly_*,active,Route trực tiếp trong interactionCreate.
Khác/Nội bộ,customId:lenhquanly_*,button,Flow component lenhquanly_*.,Theo handler/customId và userId trong flow,src/events/client/interactionCreate.js,src/utils/thongbaoHandlers.js:399,lenhquanly_*,active,Pattern phát hiện trong handler/collector.
Khác/Nội bộ,customId:listbc_view_*,button,Flow component listbc_view_*.,Theo handler/customId và userId trong flow,src/events/client/interactionCreate.js:114,src/events/client/interactionCreate.js:114,listbc_view_*,active,Route trực tiếp trong interactionCreate.
Khác/Nội bộ,customId:listbc_view_*,button,Flow component listbc_view_*.,Theo handler/customId và userId trong flow,src/events/client/interactionCreate.js,src/utils/quanlyHandlers.js:94,listbc_view_*,active,Pattern phát hiện trong handler/collector.
Khác/Nội bộ,customId:listid_*,button,Phân trang/xác nhận trong nhóm quản lý thành viên.,Theo handler/customId và userId trong flow,src/events/client/interactionCreate.js:108,src/events/client/interactionCreate.js:108,listid_*,active,Route trực tiếp trong interactionCreate.
Khác/Nội bộ,customId:listid_*,button,Phân trang/xác nhận trong nhóm quản lý thành viên.,Theo handler/customId và userId trong flow,src/events/client/interactionCreate.js,src/utils/quanlyHandlers.js:51,listid_*,active,Pattern phát hiện trong handler/collector.
Khác/Nội bộ,customId:name_attack1,button,Flow component name_attack1.,Theo handler/customId và userId trong flow,src/events/client/interactionCreate.js,src/utils/bcqlHandlers.js:477,name_attack1,active,Pattern phát hiện trong handler/collector.
Khác/Nội bộ,customId:name_attack2,button,Flow component name_attack2.,Theo handler/customId và userId trong flow,src/events/client/interactionCreate.js,src/utils/bcqlHandlers.js:484,name_attack2,active,Pattern phát hiện trong handler/collector.
Khác/Nội bộ,customId:name_defense,button,Flow component name_defense.,Theo handler/customId và userId trong flow,src/events/client/interactionCreate.js,src/utils/bcqlHandlers.js:491,name_defense,active,Pattern phát hiện trong handler/collector.
Khác/Nội bộ,customId:name_forest,button,Flow component name_forest.,Theo handler/customId và userId trong flow,src/events/client/interactionCreate.js,src/utils/bcqlHandlers.js:498,name_forest,active,Pattern phát hiện trong handler/collector.
Khác/Nội bộ,customId:nlkey_*,button,Phân trang/lọc/tìm kiếm NhacLabs key.,Theo handler/customId và userId trong flow,src/events/client/interactionCreate.js:198,src/events/client/interactionCreate.js:198,nlkey_*,active,Route trực tiếp trong interactionCreate.
Khác/Nội bộ,customId:nlkey_*,button,Phân trang/lọc/tìm kiếm NhacLabs key.,Theo handler/customId và userId trong flow,src/events/client/interactionCreate.js,src/utils/nlListHandlers.js:289,nlkey_*,active,Pattern phát hiện trong handler/collector.
Khác/Nội bộ,customId:nlkey_modal_*,modal,Phân trang/lọc/tìm kiếm NhacLabs key.,Theo handler/customId và userId trong flow,src/events/client/interactionCreate.js:379,src/events/client/interactionCreate.js:379,nlkey_modal_*,active,Route trực tiếp trong interactionCreate.
Khác/Nội bộ,customId:nlkey_modal_pick.{...}.{...}.{...},modal,Phân trang/lọc/tìm kiếm NhacLabs key.,Theo handler/customId và userId trong flow,src/events/client/interactionCreate.js,src/utils/nlListHandlers.js:325,nlkey_modal_pick.{...}.{...}.{...},active,Pattern phát hiện trong handler/collector.
Khác/Nội bộ,customId:nlkey_modal_pick.*,modal,Phân trang/lọc/tìm kiếm NhacLabs key.,Theo handler/customId và userId trong flow,src/events/client/interactionCreate.js,src/utils/nlListHandlers.js:473,nlkey_modal_pick.*,active,Pattern phát hiện trong handler/collector.
Khác/Nội bộ,customId:nlkey_modal_search_{...},modal,Phân trang/lọc/tìm kiếm NhacLabs key.,Theo handler/customId và userId trong flow,src/events/client/interactionCreate.js,src/utils/nlListHandlers.js:306,nlkey_modal_search_{...},active,Pattern phát hiện trong handler/collector.
Khác/Nội bộ,customId:nlkey_modal_search_*,modal,Phân trang/lọc/tìm kiếm NhacLabs key.,Theo handler/customId và userId trong flow,src/events/client/interactionCreate.js,src/utils/nlListHandlers.js:443,nlkey_modal_search_*,active,Pattern phát hiện trong handler/collector.
Khác/Nội bộ,customId:nlkey_next.{...},button,Phân trang/lọc/tìm kiếm NhacLabs key.,Theo handler/customId và userId trong flow,src/events/client/interactionCreate.js,src/utils/nlListHandlers.js:178,nlkey_next.{...},active,Pattern phát hiện trong handler/collector.
Khác/Nội bộ,customId:nlkey_pick.{...},button,Phân trang/lọc/tìm kiếm NhacLabs key.,Theo handler/customId và userId trong flow,src/events/client/interactionCreate.js,src/utils/nlListHandlers.js:188,nlkey_pick.{...},active,Pattern phát hiện trong handler/collector.
Khác/Nội bộ,customId:nlkey_prev.{...},button,Phân trang/lọc/tìm kiếm NhacLabs key.,Theo handler/customId và userId trong flow,src/events/client/interactionCreate.js,src/utils/nlListHandlers.js:173,nlkey_prev.{...},active,Pattern phát hiện trong handler/collector.
Khác/Nội bộ,customId:nlkey_search.{...},button,Phân trang/lọc/tìm kiếm NhacLabs key.,Theo handler/customId và userId trong flow,src/events/client/interactionCreate.js,src/utils/nlListHandlers.js:183,nlkey_search.{...},active,Pattern phát hiện trong handler/collector.
Khác/Nội bộ,customId:pick_number,button,Flow component pick_number.,Theo handler/customId và userId trong flow,src/events/client/interactionCreate.js,src/utils/nlListHandlers.js:329,pick_number,active,Pattern phát hiện trong handler/collector.
Khác/Nội bộ,customId:position1,button,Flow component position1.,Theo handler/customId và userId trong flow,src/events/client/interactionCreate.js,src/utils/bcqlHandlers.js:368,position1,active,Pattern phát hiện trong handler/collector.
Khác/Nội bộ,customId:position2,button,Flow component position2.,Theo handler/customId và userId trong flow,src/events/client/interactionCreate.js,src/utils/bcqlHandlers.js:376,position2,active,Pattern phát hiện trong handler/collector.
Khác/Nội bộ,customId:room_name,button,Flow component room_name.,Theo handler/customId và userId trong flow,src/events/client/interactionCreate.js,src/utils/boosterVoiceHandlers.js:676,room_name,active,Pattern phát hiện trong handler/collector.
Khác/Nội bộ,customId:schedule_english,button,Flow component schedule_english.,Theo handler/customId và userId trong flow,src/events/client/interactionCreate.js:204,src/events/client/interactionCreate.js:204,schedule_english,active,Route trực tiếp trong interactionCreate.
Khác/Nội bộ,customId:search_query,button,Flow component search_query.,Theo handler/customId và userId trong flow,src/events/client/interactionCreate.js,src/utils/nlListHandlers.js:310,search_query,active,Pattern phát hiện trong handler/collector.
Khác/Nội bộ,customId:serverbot_*,button,Flow component serverbot_*.,Theo handler/customId và userId trong flow,src/events/client/interactionCreate.js:173,src/events/client/interactionCreate.js:173,serverbot_*,active,Route trực tiếp trong interactionCreate.
Khác/Nội bộ,customId:serverbot_invite_select_*,select,Flow component serverbot_invite_select_*.,Theo handler/customId và userId trong flow,src/events/client/interactionCreate.js:325,src/events/client/interactionCreate.js:325,serverbot_invite_select_*,active,Route trực tiếp trong interactionCreate.
Khác/Nội bộ,customId:team,button,Flow component team.,Theo handler/customId và userId trong flow,src/events/client/interactionCreate.js,src/utils/bcqlHandlers.js:408,team,active,Pattern phát hiện trong handler/collector.
Khác/Nội bộ,customId:user_id,button,Flow component user_id.,Theo handler/customId và userId trong flow,src/events/client/interactionCreate.js,src/utils/bcqlHandlers.js:400,user_id,active,Pattern phát hiện trong handler/collector.
Khác/Nội bộ,customId:user_input,button,Flow component user_input.,Theo handler/customId và userId trong flow,src/events/client/interactionCreate.js,src/utils/boosterVoiceHandlers.js:342,user_input,active,Pattern phát hiện trong handler/collector.
Khác/Nội bộ,customId:vote*,button,Nút/select cho hệ thống vote.,Theo handler/customId và userId trong flow,src/events/client/interactionCreate.js:120,src/events/client/interactionCreate.js:120,vote*,active,Route trực tiếp trong interactionCreate.
Khác/Nội bộ,customId:votecustom_*,button,Nút/select cho hệ thống vote.,Theo handler/customId và userId trong flow,src/events/client/interactionCreate.js,src/utils/voteHandlers.js:71,votecustom_*,active,Pattern phát hiện trong handler/collector.
Khác/Nội bộ,customId:votecustom_select,select,Nút/select cho hệ thống vote.,Theo handler/customId và userId trong flow,src/events/client/interactionCreate.js:274,src/events/client/interactionCreate.js:274,votecustom_select,active,Route trực tiếp trong interactionCreate.
Khác/Nội bộ,customId:voteevent_*,button,Nút/select cho hệ thống vote.,Theo handler/customId và userId trong flow,src/events/client/interactionCreate.js:260,src/events/client/interactionCreate.js:260,voteevent_*,active,Route trực tiếp trong interactionCreate.
Khác/Nội bộ,customId:voteevent_*,button,Nút/select cho hệ thống vote.,Theo handler/customId và userId trong flow,src/events/client/interactionCreate.js,src/utils/voteHandlers.js:41,voteevent_*,active,Pattern phát hiện trong handler/collector.
Khác/Nội bộ,customId:votegio_*,button,Nút/select cho hệ thống vote.,Theo handler/customId và userId trong flow,src/events/client/interactionCreate.js:295,src/events/client/interactionCreate.js:295,votegio_*,active,Route trực tiếp trong interactionCreate.
Khác/Nội bộ,customId:votegio_*,button,Nút/select cho hệ thống vote.,Theo handler/customId và userId trong flow,src/events/client/interactionCreate.js,src/utils/voteHandlers.js:61,votegio_*,active,Pattern phát hiện trong handler/collector.
Khác/Nội bộ,customId:votengay_*,button,Nút/select cho hệ thống vote.,Theo handler/customId và userId trong flow,src/events/client/interactionCreate.js:302,src/events/client/interactionCreate.js:302,votengay_*,active,Route trực tiếp trong interactionCreate.
Khác/Nội bộ,customId:votengay_*,button,Nút/select cho hệ thống vote.,Theo handler/customId và userId trong flow,src/events/client/interactionCreate.js,src/utils/voteHandlers.js:66,votengay_*,active,Pattern phát hiện trong handler/collector.
Khác/Nội bộ,customId:votepvp_*,button,Nút/select cho hệ thống vote.,Theo handler/customId và userId trong flow,src/events/client/interactionCreate.js:288,src/events/client/interactionCreate.js:288,votepvp_*,active,Route trực tiếp trong interactionCreate.
Khác/Nội bộ,customId:votepvp_*,button,Nút/select cho hệ thống vote.,Theo handler/customId và userId trong flow,src/events/client/interactionCreate.js,src/utils/voteHandlers.js:56,votepvp_*,active,Pattern phát hiện trong handler/collector.
Khác/Nội bộ,customId:voteyentiec_*,button,Nút/select cho hệ thống vote.,Theo handler/customId và userId trong flow,src/events/client/interactionCreate.js,src/utils/voteHandlers.js:46,voteyentiec_*,active,Pattern phát hiện trong handler/collector.
Khác/Nội bộ,customId:voteyentiec_time,button,Nút/select cho hệ thống vote.,Theo handler/customId và userId trong flow,src/events/client/interactionCreate.js:267,src/events/client/interactionCreate.js:267,voteyentiec_time,active,Route trực tiếp trong interactionCreate.
Khác/Nội bộ,customId:yentiec_time_confirm_*,button,Xác nhận/đổi giờ nhắc Yến Tiệc.,Theo handler/customId và userId trong flow,src/events/client/interactionCreate.js:94,src/events/client/interactionCreate.js:94,yentiec_time_confirm_*,active,Route trực tiếp trong interactionCreate.
Khác/Nội bộ,customId:yentiec_time_confirm_*,button,Xác nhận/đổi giờ nhắc Yến Tiệc.,Theo handler/customId và userId trong flow,src/events/client/interactionCreate.js,src/utils/thongbaoHandlers.js:388,yentiec_time_confirm_*,active,Pattern phát hiện trong handler/collector.
Khác/Nội bộ,customId:yentiec_weekday_*,button,Xác nhận/đổi giờ nhắc Yến Tiệc.,Theo handler/customId và userId trong flow,src/events/client/interactionCreate.js:95,src/events/client/interactionCreate.js:95,yentiec_weekday_*,active,Route trực tiếp trong interactionCreate.
Khác/Nội bộ,customId:yentiec_weekday_confirm_*,button,Xác nhận/đổi giờ nhắc Yến Tiệc.,Theo handler/customId và userId trong flow,src/events/client/interactionCreate.js,src/utils/thongbaoHandlers.js:391,yentiec_weekday_confirm_*,active,Pattern phát hiện trong handler/collector.
Khác/Nội bộ,customId:yentiec_weekend_*,button,Xác nhận/đổi giờ nhắc Yến Tiệc.,Theo handler/customId và userId trong flow,src/events/client/interactionCreate.js:95,src/events/client/interactionCreate.js:95,yentiec_weekend_*,active,Route trực tiếp trong interactionCreate.
Khác/Nội bộ,customId:yentiec_weekend_19_*,button,Xác nhận/đổi giờ nhắc Yến Tiệc.,Theo handler/customId và userId trong flow,src/events/client/interactionCreate.js,src/utils/thongbaoHandlers.js:389,yentiec_weekend_19_*,active,Pattern phát hiện trong handler/collector.
Khác/Nội bộ,customId:yentiec_weekend_2230_*,button,Xác nhận/đổi giờ nhắc Yến Tiệc.,Theo handler/customId và userId trong flow,src/events/client/interactionCreate.js,src/utils/thongbaoHandlers.js:390,yentiec_weekend_2230_*,active,Pattern phát hiện trong handler/collector.
Loto,customId:loto_*,button,Điều khiển ván Loto.,Theo handler/customId và userId trong flow,src/events/client/interactionCreate.js:180,src/events/client/interactionCreate.js:180,loto_*,active,Route trực tiếp trong interactionCreate.
Loto,customId:loto_auto_{...},button,Điều khiển ván Loto.,Theo handler/customId và userId trong flow,src/events/client/interactionCreate.js,src/commands/loto/loto.js:200,loto_auto_{...},active,Pattern phát hiện trong handler/collector.
Loto,customId:loto_auto_*,button,Điều khiển ván Loto.,Theo handler/customId và userId trong flow,src/events/client/interactionCreate.js,src/utils/lotoHandlers.js:114,loto_auto_*,active,Pattern phát hiện trong handler/collector.
Loto,customId:loto_disabled_{...},button,Điều khiển ván Loto.,Theo handler/customId và userId trong flow,src/events/client/interactionCreate.js,src/utils/lotoHandlers.js:287,loto_disabled_{...},active,Pattern phát hiện trong handler/collector.
Loto,customId:loto_draw_{...},button,Điều khiển ván Loto.,Theo handler/customId và userId trong flow,src/events/client/interactionCreate.js,src/commands/loto/loto.js:196,loto_draw_{...},active,Pattern phát hiện trong handler/collector.
Loto,customId:loto_draw_*,button,Điều khiển ván Loto.,Theo handler/customId và userId trong flow,src/events/client/interactionCreate.js,src/utils/lotoHandlers.js:47,loto_draw_*,active,Pattern phát hiện trong handler/collector.
Loto,customId:loto_kinh_{...},button,Điều khiển ván Loto.,Theo handler/customId và userId trong flow,src/events/client/interactionCreate.js,src/utils/lotoHandlers.js:292,loto_kinh_{...},active,Pattern phát hiện trong handler/collector.
Loto,customId:loto_kinh_{...},button,Điều khiển ván Loto.,Theo handler/customId và userId trong flow,src/events/client/interactionCreate.js,src/commands/loto/loto.js:189,loto_kinh_{...},active,Pattern phát hiện trong handler/collector.
Loto,customId:loto_kinh_*,button,Điều khiển ván Loto.,Theo handler/customId và userId trong flow,src/events/client/interactionCreate.js,src/utils/lotoHandlers.js:214,loto_kinh_*,active,Pattern phát hiện trong handler/collector.
Loto,customId:loto_kinhcancel_{...}_{...},button,Điều khiển ván Loto.,Theo handler/customId và userId trong flow,src/events/client/interactionCreate.js,src/utils/lotoHandlers.js:313,loto_kinhcancel_{...}_{...},active,Pattern phát hiện trong handler/collector.
Loto,customId:loto_kinhcancel_*,button,Điều khiển ván Loto.,Theo handler/customId và userId trong flow,src/events/client/interactionCreate.js,src/utils/lotoHandlers.js:519,loto_kinhcancel_*,active,Pattern phát hiện trong handler/collector.
Loto,customId:loto_skip_{...}_{...},button,Điều khiển ván Loto.,Theo handler/customId và userId trong flow,src/events/client/interactionCreate.js,src/utils/lotoHandlers.js:324,loto_skip_{...}_{...},active,Pattern phát hiện trong handler/collector.
Loto,customId:loto_skip_*,button,Điều khiển ván Loto.,Theo handler/customId và userId trong flow,src/events/client/interactionCreate.js,src/utils/lotoHandlers.js:663,loto_skip_*,active,Pattern phát hiện trong handler/collector.
Loto,customId:loto_skipconfirm_{...}_{...},button,Điều khiển ván Loto.,Theo handler/customId và userId trong flow,src/events/client/interactionCreate.js,src/utils/lotoHandlers.js:675,loto_skipconfirm_{...}_{...},active,Pattern phát hiện trong handler/collector.
Loto,customId:loto_skipconfirm_*,button,Điều khiển ván Loto.,Theo handler/customId và userId trong flow,src/events/client/interactionCreate.js,src/utils/lotoHandlers.js:689,loto_skipconfirm_*,active,Pattern phát hiện trong handler/collector.
Loto,customId:loto_stop_{...},button,Điều khiển ván Loto.,Theo handler/customId và userId trong flow,src/events/client/interactionCreate.js,src/commands/loto/loto.js:185,loto_stop_{...},active,Pattern phát hiện trong handler/collector.
Loto,customId:loto_stop_*,button,Điều khiển ván Loto.,Theo handler/customId và userId trong flow,src/events/client/interactionCreate.js,src/utils/lotoHandlers.js:196,loto_stop_*,active,Pattern phát hiện trong handler/collector.
Loto,customId:nlkey_filter_select_{...},select,Phân trang/lọc/tìm kiếm NhacLabs key.,Theo handler/customId và userId trong flow,src/events/client/interactionCreate.js,src/utils/nlListHandlers.js:197,nlkey_filter_select_{...},active,Pattern phát hiện trong handler/collector.
Loto,customId:nlkey_filter_select_*,select,Phân trang/lọc/tìm kiếm NhacLabs key.,Theo handler/customId và userId trong flow,src/events/client/interactionCreate.js:338,src/events/client/interactionCreate.js:338,nlkey_filter_select_*,active,Route trực tiếp trong interactionCreate.
Loto,customId:nlkey_filter_select_*,select,Phân trang/lọc/tìm kiếm NhacLabs key.,Theo handler/customId và userId trong flow,src/events/client/interactionCreate.js,src/utils/nlListHandlers.js:383,nlkey_filter_select_*,active,Pattern phát hiện trong handler/collector.
Loto,customId:votecustom_result,button,Nút/select cho hệ thống vote.,Theo handler/customId và userId trong flow,src/events/client/interactionCreate.js,src/commands/apps/vote.js:120,votecustom_result,active,Pattern phát hiện trong handler/collector.
Loto,customId:voteevent_result,button,Nút/select cho hệ thống vote.,Theo handler/customId và userId trong flow,src/events/client/interactionCreate.js,src/commands/apps/voteevent.js:208,voteevent_result,active,Pattern phát hiện trong handler/collector.
Loto,customId:votegio_result,button,Nút/select cho hệ thống vote.,Theo handler/customId và userId trong flow,src/events/client/interactionCreate.js,src/commands/apps/votegioevent.js:143,votegio_result,active,Pattern phát hiện trong handler/collector.
Loto,customId:votengay_result,button,Nút/select cho hệ thống vote.,Theo handler/customId và userId trong flow,src/events/client/interactionCreate.js,src/commands/apps/votengayevent.js:154,votengay_result,active,Pattern phát hiện trong handler/collector.
Loto,customId:votepvp_result,button,Nút/select cho hệ thống vote.,Theo handler/customId và userId trong flow,src/events/client/interactionCreate.js,src/commands/apps/votepvpsolo.js:232,votepvp_result,active,Pattern phát hiện trong handler/collector.
Loto,customId:voteyentiec_result,button,Nút/select cho hệ thống vote.,Theo handler/customId và userId trong flow,src/events/client/interactionCreate.js,src/commands/apps/voteyentiec.js:110,voteyentiec_result,active,Pattern phát hiện trong handler/collector.
Minigame/Economy,customId:ach_next_{...}_{...},button,Flow component ach_next_{...}_{...}.,Theo handler/customId và userId trong flow,src/events/client/interactionCreate.js,src/commands/minigame/achievement.js:86,ach_next_{...}_{...},active,Pattern phát hiện trong handler/collector.
Minigame/Economy,customId:ach_prev_{...}_{...},button,Flow component ach_prev_{...}_{...}.,Theo handler/customId và userId trong flow,src/events/client/interactionCreate.js,src/commands/minigame/achievement.js:78,ach_prev_{...}_{...},active,Pattern phát hiện trong handler/collector.
Minigame/Economy,customId:box10_*,button,Flow component box10_*.,Theo handler/customId và userId trong flow,src/events/client/interactionCreate.js,src/commands/minigame/box.js:145,box10_*,active,Pattern phát hiện trong handler/collector.
Minigame/Economy,customId:box10_*,button,Flow component box10_*.,Theo handler/customId và userId trong flow,src/events/client/interactionCreate.js,src/commands/minigame/buy.js:106,box10_*,active,Pattern phát hiện trong handler/collector.
Minigame/Economy,customId:boxall_*,button,Flow component boxall_*.,Theo handler/customId và userId trong flow,src/events/client/interactionCreate.js,src/commands/minigame/box.js:145,boxall_*,active,Pattern phát hiện trong handler/collector.
Minigame/Economy,customId:boxall_*,button,Flow component boxall_*.,Theo handler/customId và userId trong flow,src/events/client/interactionCreate.js,src/commands/minigame/buy.js:106,boxall_*,active,Pattern phát hiện trong handler/collector.
Minigame/Economy,customId:buacoop_*,button,Flow component buacoop_*.,Theo handler/customId và userId trong flow,src/events/client/interactionCreate.js,src/commands/minigame/dungeon.js:680,buacoop_*,active,Pattern phát hiện trong handler/collector.
Minigame/Economy,customId:buacoop_0_{...},button,Flow component buacoop_0_{...}.,Theo handler/customId và userId trong flow,src/events/client/interactionCreate.js,src/commands/minigame/dungeon.js:634,buacoop_0_{...},active,Pattern phát hiện trong handler/collector.
Minigame/Economy,customId:buacoop_1_{...},button,Flow component buacoop_1_{...}.,Theo handler/customId và userId trong flow,src/events/client/interactionCreate.js,src/commands/minigame/dungeon.js:638,buacoop_1_{...},active,Pattern phát hiện trong handler/collector.
Minigame/Economy,customId:buacoop_2_{...},button,Flow component buacoop_2_{...}.,Theo handler/customId và userId trong flow,src/events/client/interactionCreate.js,src/commands/minigame/dungeon.js:643,buacoop_2_{...},active,Pattern phát hiện trong handler/collector.
Minigame/Economy,customId:buacoop_3_{...},button,Flow component buacoop_3_{...}.,Theo handler/customId và userId trong flow,src/events/client/interactionCreate.js,src/commands/minigame/dungeon.js:648,buacoop_3_{...},active,Pattern phát hiện trong handler/collector.
Minigame/Economy,customId:buacoop_nc_{...}_{...}_{...},button,Flow component buacoop_nc_{...}_{...}_{...}.,Theo handler/customId và userId trong flow,src/events/client/interactionCreate.js,src/commands/minigame/dungeon.js:665,buacoop_nc_{...}_{...}_{...},active,Pattern phát hiện trong handler/collector.
Minigame/Economy,customId:buacoop_nc_*,button,Flow component buacoop_nc_*.,Theo handler/customId và userId trong flow,src/events/client/interactionCreate.js,src/commands/minigame/dungeon.js:686,buacoop_nc_*,active,Pattern phát hiện trong handler/collector.
Minigame/Economy,customId:buasolo_*,button,Flow component buasolo_*.,Theo handler/customId và userId trong flow,src/events/client/interactionCreate.js,src/commands/minigame/dungeon.js:404,buasolo_*,active,Pattern phát hiện trong handler/collector.
Minigame/Economy,customId:buasolo_0_{...},button,Flow component buasolo_0_{...}.,Theo handler/customId và userId trong flow,src/events/client/interactionCreate.js,src/commands/minigame/dungeon.js:358,buasolo_0_{...},active,Pattern phát hiện trong handler/collector.
Minigame/Economy,customId:buasolo_1_{...},button,Flow component buasolo_1_{...}.,Theo handler/customId và userId trong flow,src/events/client/interactionCreate.js,src/commands/minigame/dungeon.js:362,buasolo_1_{...},active,Pattern phát hiện trong handler/collector.
Minigame/Economy,customId:buasolo_2_{...},button,Flow component buasolo_2_{...}.,Theo handler/customId và userId trong flow,src/events/client/interactionCreate.js,src/commands/minigame/dungeon.js:367,buasolo_2_{...},active,Pattern phát hiện trong handler/collector.
Minigame/Economy,customId:buasolo_3_{...},button,Flow component buasolo_3_{...}.,Theo handler/customId và userId trong flow,src/events/client/interactionCreate.js,src/commands/minigame/dungeon.js:372,buasolo_3_{...},active,Pattern phát hiện trong handler/collector.
Minigame/Economy,customId:buasolo_nc_{...}_{...}_{...},button,Flow component buasolo_nc_{...}_{...}_{...}.,Theo handler/customId và userId trong flow,src/events/client/interactionCreate.js,src/commands/minigame/dungeon.js:389,buasolo_nc_{...}_{...}_{...},active,Pattern phát hiện trong handler/collector.
Minigame/Economy,customId:buasolo_nc_*,button,Flow component buasolo_nc_*.,Theo handler/customId và userId trong flow,src/events/client/interactionCreate.js,src/commands/minigame/dungeon.js:410,buasolo_nc_*,active,Pattern phát hiện trong handler/collector.
Minigame/Economy,customId:bulk_tune_cancel_{...},button,Collector/flow tương tác trong minigame.,Theo handler/customId và userId trong flow,src/events/client/interactionCreate.js,src/commands/minigame/tune.js:989,bulk_tune_cancel_{...},active,Pattern phát hiện trong handler/collector.
Minigame/Economy,customId:bulk_tune_cancel_${userId},button,Collector/flow tương tác trong minigame.,Theo handler/customId và userId trong flow,src/events/client/interactionCreate.js,src/commands/minigame/tune.js:1002,bulk_tune_cancel_${userId},active,Pattern phát hiện trong handler/collector.
Minigame/Economy,customId:bulk_tune_confirm_{...}_{...},button,Collector/flow tương tác trong minigame.,Theo handler/customId và userId trong flow,src/events/client/interactionCreate.js,src/commands/minigame/tune.js:1069,bulk_tune_confirm_{...}_{...},active,Pattern phát hiện trong handler/collector.
Minigame/Economy,customId:bulk_tune_confirm_*,button,Collector/flow tương tác trong minigame.,Theo handler/customId và userId trong flow,src/events/client/interactionCreate.js,src/commands/minigame/tune.js:1088,bulk_tune_confirm_*,active,Pattern phát hiện trong handler/collector.
Minigame/Economy,customId:bulk_tune_dismantle_{...}_{...},button,Collector/flow tương tác trong minigame.,Theo handler/customId và userId trong flow,src/events/client/interactionCreate.js,src/commands/minigame/tune.js:985,bulk_tune_dismantle_{...}_{...},active,Pattern phát hiện trong handler/collector.
Minigame/Economy,customId:bulk_tune_dismantle_*,button,Collector/flow tương tác trong minigame.,Theo handler/customId và userId trong flow,src/events/client/interactionCreate.js,src/commands/minigame/tune.js:1004,bulk_tune_dismantle_*,active,Pattern phát hiện trong handler/collector.
Minigame/Economy,customId:buy10open_{...},button,Flow component buy10open_{...}.,Theo handler/customId và userId trong flow,src/events/client/interactionCreate.js,src/commands/minigame/box.js:80,buy10open_{...},active,Pattern phát hiện trong handler/collector.
Minigame/Economy,customId:buy10open_anim_{...},button,Flow component buy10open_anim_{...}.,Theo handler/customId và userId trong flow,src/events/client/interactionCreate.js,src/commands/minigame/box.js:84,buy10open_anim_{...},active,Pattern phát hiện trong handler/collector.
Minigame/Economy,customId:buy10open*,button,Flow component buy10open*.,Theo handler/customId và userId trong flow,src/events/client/interactionCreate.js,src/commands/minigame/box.js:92,buy10open*,active,Pattern phát hiện trong handler/collector.
Minigame/Economy,customId:coop_ai_{...},button,Flow component coop_ai_{...}.,Theo handler/customId và userId trong flow,src/events/client/interactionCreate.js,src/commands/minigame/dungeon.js:567,coop_ai_{...},active,Pattern phát hiện trong handler/collector.
Minigame/Economy,customId:coop_buaai_{...},button,Flow component coop_buaai_{...}.,Theo handler/customId và userId trong flow,src/events/client/interactionCreate.js,src/commands/minigame/dungeon.js:576,coop_buaai_{...},active,Pattern phát hiện trong handler/collector.
Minigame/Economy,customId:coop_cancel_{...},button,Flow component coop_cancel_{...}.,Theo handler/customId và userId trong flow,src/events/client/interactionCreate.js,src/commands/minigame/dungeon.js:584,coop_cancel_{...},active,Pattern phát hiện trong handler/collector.
Minigame/Economy,customId:coop_invite_{...},button,Flow component coop_invite_{...}.,Theo handler/customId và userId trong flow,src/events/client/interactionCreate.js,src/commands/minigame/dungeon.js:563,coop_invite_{...},active,Pattern phát hiện trong handler/collector.
Minigame/Economy,customId:coop5choice_*,button,Flow component coop5choice_*.,Theo handler/customId và userId trong flow,src/events/client/interactionCreate.js,src/commands/minigame/dungeon.js:2065,coop5choice_*,active,Pattern phát hiện trong handler/collector.
Minigame/Economy,customId:coop5choice_0_{...},button,Flow component coop5choice_0_{...}.,Theo handler/customId và userId trong flow,src/events/client/interactionCreate.js,src/commands/minigame/dungeon.js:2044,coop5choice_0_{...},active,Pattern phát hiện trong handler/collector.
Minigame/Economy,customId:coop5choice_1_{...},button,Flow component coop5choice_1_{...}.,Theo handler/customId và userId trong flow,src/events/client/interactionCreate.js,src/commands/minigame/dungeon.js:2048,coop5choice_1_{...},active,Pattern phát hiện trong handler/collector.
Minigame/Economy,customId:coop5choice_2_{...},button,Flow component coop5choice_2_{...}.,Theo handler/customId và userId trong flow,src/events/client/interactionCreate.js,src/commands/minigame/dungeon.js:2052,coop5choice_2_{...},active,Pattern phát hiện trong handler/collector.
Minigame/Economy,customId:coop5choice_3_{...},button,Flow component coop5choice_3_{...}.,Theo handler/customId và userId trong flow,src/events/client/interactionCreate.js,src/commands/minigame/dungeon.js:2056,coop5choice_3_{...},active,Pattern phát hiện trong handler/collector.
Minigame/Economy,customId:daden_cancel_{...},button,Flow component daden_cancel_{...}.,Theo handler/customId và userId trong flow,src/events/client/interactionCreate.js,src/commands/minigame/daden.js:385,daden_cancel_{...},active,Pattern phát hiện trong handler/collector.
Minigame/Economy,customId:daden_cancel_${userId},button,Flow component daden_cancel_${userId}.,Theo handler/customId và userId trong flow,src/events/client/interactionCreate.js,src/commands/minigame/daden.js:401,daden_cancel_${userId},active,Pattern phát hiện trong handler/collector.
Minigame/Economy,customId:daden_transfer_{...}_{...}_{...},button,Flow component daden_transfer_{...}_{...}_{...}.,Theo handler/customId và userId trong flow,src/events/client/interactionCreate.js,src/commands/minigame/daden.js:381,daden_transfer_{...}_{...}_{...},active,Pattern phát hiện trong handler/collector.
Minigame/Economy,customId:daden_transfer_*,button,Flow component daden_transfer_*.,Theo handler/customId và userId trong flow,src/events/client/interactionCreate.js,src/commands/minigame/daden.js:406,daden_transfer_*,active,Pattern phát hiện trong handler/collector.
Minigame/Economy,customId:dungchoice_*,button,Flow component dungchoice_*.,Theo handler/customId và userId trong flow,src/events/client/interactionCreate.js,src/commands/minigame/dungeon.js:2211,dungchoice_*,active,Pattern phát hiện trong handler/collector.
Minigame/Economy,customId:dungchoice_0_{...}_{...},button,Flow component dungchoice_0_{...}_{...}.,Theo handler/customId và userId trong flow,src/events/client/interactionCreate.js,src/commands/minigame/dungeon.js:2187,dungchoice_0_{...}_{...},active,Pattern phát hiện trong handler/collector.
Minigame/Economy,customId:dungchoice_1_{...}_{...},button,Flow component dungchoice_1_{...}_{...}.,Theo handler/customId và userId trong flow,src/events/client/interactionCreate.js,src/commands/minigame/dungeon.js:2191,dungchoice_1_{...}_{...},active,Pattern phát hiện trong handler/collector.
Minigame/Economy,customId:dungchoice_2_{...}_{...},button,Flow component dungchoice_2_{...}_{...}.,Theo handler/customId và userId trong flow,src/events/client/interactionCreate.js,src/commands/minigame/dungeon.js:2196,dungchoice_2_{...}_{...},active,Pattern phát hiện trong handler/collector.
Minigame/Economy,customId:dungchoice_3_{...}_{...},button,Flow component dungchoice_3_{...}_{...}.,Theo handler/customId và userId trong flow,src/events/client/interactionCreate.js,src/commands/minigame/dungeon.js:2201,dungchoice_3_{...}_{...},active,Pattern phát hiện trong handler/collector.
Minigame/Economy,customId:dungselect_{...},select,Flow component dungselect_{...}.,Theo handler/customId và userId trong flow,src/events/client/interactionCreate.js,src/commands/minigame/dungeon.js:115,dungselect_{...},active,Pattern phát hiện trong handler/collector.
Minigame/Economy,customId:enhance_cancel_{...},button,Collector/flow tương tác trong minigame.,Theo handler/customId và userId trong flow,src/events/client/interactionCreate.js,src/commands/minigame/khacda.js:177,enhance_cancel_{...},active,Pattern phát hiện trong handler/collector.
Minigame/Economy,customId:enhance_cancel_${userId},button,Collector/flow tương tác trong minigame.,Theo handler/customId và userId trong flow,src/events/client/interactionCreate.js,src/commands/minigame/khacda.js:190,enhance_cancel_${userId},active,Pattern phát hiện trong handler/collector.
Minigame/Economy,customId:enhance_confirm_{...}_{...}_{...}_{...}_{...},button,Collector/flow tương tác trong minigame.,Theo handler/customId và userId trong flow,src/events/client/interactionCreate.js,src/commands/minigame/khacda.js:173,enhance_confirm_{...}_{...}_{...}_{...}_{...},active,Pattern phát hiện trong handler/collector.
Minigame/Economy,customId:enhance_confirm_*,button,Collector/flow tương tác trong minigame.,Theo handler/customId và userId trong flow,src/events/client/interactionCreate.js,src/commands/minigame/khacda.js:199,enhance_confirm_*,active,Pattern phát hiện trong handler/collector.
Minigame/Economy,customId:equip_cancel_{...},button,Flow component equip_cancel_{...}.,Theo handler/customId và userId trong flow,src/events/client/interactionCreate.js,src/commands/minigame/equip.js:80,equip_cancel_{...},active,Pattern phát hiện trong handler/collector.
Minigame/Economy,customId:equip_confirm_{...}_{...},button,Flow component equip_confirm_{...}_{...}.,Theo handler/customId và userId trong flow,src/events/client/interactionCreate.js,src/commands/minigame/equip.js:76,equip_confirm_{...}_{...},active,Pattern phát hiện trong handler/collector.
Minigame/Economy,customId:equip_confirm_${equipId}_${userId},button,Flow component equip_confirm_${equipId}_${userId}.,Theo handler/customId và userId trong flow,src/events/client/interactionCreate.js,src/commands/minigame/equip.js:95,equip_confirm_${equipId}_${userId},active,Pattern phát hiện trong handler/collector.
Minigame/Economy,customId:equipmenu_{...},select,Flow component equipmenu_{...}.,Theo handler/customId và userId trong flow,src/events/client/interactionCreate.js,src/commands/minigame/equip.js:467,equipmenu_{...},active,Pattern phát hiện trong handler/collector.
Minigame/Economy,customId:exchange_again_{...},button,Flow component exchange_again_{...}.,Theo handler/customId và userId trong flow,src/events/client/interactionCreate.js,src/commands/minigame/buy.js:479,exchange_again_{...},active,Pattern phát hiện trong handler/collector.
Minigame/Economy,customId:exchange_again_${userId},button,Flow component exchange_again_${userId}.,Theo handler/customId và userId trong flow,src/events/client/interactionCreate.js,src/commands/minigame/buy.js:499,exchange_again_${userId},active,Pattern phát hiện trong handler/collector.
Minigame/Economy,customId:exchange_cancel_{...},button,Flow component exchange_cancel_{...}.,Theo handler/customId và userId trong flow,src/events/client/interactionCreate.js,src/commands/minigame/buy.js:420,exchange_cancel_{...},active,Pattern phát hiện trong handler/collector.
Minigame/Economy,customId:exchange_cancel_${userId},button,Flow component exchange_cancel_${userId}.,Theo handler/customId và userId trong flow,src/events/client/interactionCreate.js,src/commands/minigame/buy.js:493,exchange_cancel_${userId},active,Pattern phát hiện trong handler/collector.
Minigame/Economy,customId:exchange_confirm_{...},button,Flow component exchange_confirm_{...}.,Theo handler/customId và userId trong flow,src/events/client/interactionCreate.js,src/commands/minigame/buy.js:416,exchange_confirm_{...},active,Pattern phát hiện trong handler/collector.
Minigame/Economy,customId:exchange_confirm_${userId},button,Flow component exchange_confirm_${userId}.,Theo handler/customId và userId trong flow,src/events/client/interactionCreate.js,src/commands/minigame/buy.js:433,exchange_confirm_${userId},active,Pattern phát hiện trong handler/collector.
Minigame/Economy,customId:exchange_done_{...},button,Flow component exchange_done_{...}.,Theo handler/customId và userId trong flow,src/events/client/interactionCreate.js,src/commands/minigame/buy.js:486,exchange_done_{...},active,Pattern phát hiện trong handler/collector.
Minigame/Economy,customId:exchange_done_${userId},button,Flow component exchange_done_${userId}.,Theo handler/customId và userId trong flow,src/events/client/interactionCreate.js,src/commands/minigame/buy.js:503,exchange_done_${userId},active,Pattern phát hiện trong handler/collector.
Minigame/Economy,customId:expired_*,button,Flow component expired_*.,Theo handler/customId và userId trong flow,src/events/client/interactionCreate.js,src/commands/minigame/dungeon.js:1761,expired_*,active,Pattern phát hiện trong handler/collector.
Minigame/Economy,customId:expired_0_{...}_{...},button,Flow component expired_0_{...}_{...}.,Theo handler/customId và userId trong flow,src/events/client/interactionCreate.js,src/commands/minigame/dungeon.js:1716,expired_0_{...}_{...},active,Pattern phát hiện trong handler/collector.
Minigame/Economy,customId:expired_1_{...}_{...},button,Flow component expired_1_{...}_{...}.,Theo handler/customId và userId trong flow,src/events/client/interactionCreate.js,src/commands/minigame/dungeon.js:1720,expired_1_{...}_{...},active,Pattern phát hiện trong handler/collector.
Minigame/Economy,customId:expired_2_{...}_{...},button,Flow component expired_2_{...}_{...}.,Theo handler/customId và userId trong flow,src/events/client/interactionCreate.js,src/commands/minigame/dungeon.js:1725,expired_2_{...}_{...},active,Pattern phát hiện trong handler/collector.
Minigame/Economy,customId:expired_3_{...}_{...},button,Flow component expired_3_{...}_{...}.,Theo handler/customId và userId trong flow,src/events/client/interactionCreate.js,src/commands/minigame/dungeon.js:1730,expired_3_{...}_{...},active,Pattern phát hiện trong handler/collector.
Minigame/Economy,customId:expired_nc_{...}_{...}_{...}_{...},button,Flow component expired_nc_{...}_{...}_{...}_{...}.,Theo handler/customId và userId trong flow,src/events/client/interactionCreate.js,src/commands/minigame/dungeon.js:1747,expired_nc_{...}_{...}_{...}_{...},active,Pattern phát hiện trong handler/collector.
Minigame/Economy,customId:expired_nc_*,button,Flow component expired_nc_*.,Theo handler/customId và userId trong flow,src/events/client/interactionCreate.js,src/commands/minigame/dungeon.js:1761,expired_nc_*,active,Pattern phát hiện trong handler/collector.
Minigame/Economy,customId:guide_next_{...},button,Flow component guide_next_{...}.,Theo handler/customId và userId trong flow,src/events/client/interactionCreate.js,src/commands/minigame/huongdan.js:196,guide_next_{...},active,Pattern phát hiện trong handler/collector.
Minigame/Economy,customId:guide_next_${userId},button,Flow component guide_next_${userId}.,Theo handler/customId và userId trong flow,src/events/client/interactionCreate.js,src/commands/minigame/huongdan.js:217,guide_next_${userId},active,Pattern phát hiện trong handler/collector.
Minigame/Economy,customId:guide_page_{...},button,Flow component guide_page_{...}.,Theo handler/customId và userId trong flow,src/events/client/interactionCreate.js,src/commands/minigame/huongdan.js:191,guide_page_{...},active,Pattern phát hiện trong handler/collector.
Minigame/Economy,customId:guide_prev_{...},button,Flow component guide_prev_{...}.,Theo handler/customId và userId trong flow,src/events/client/interactionCreate.js,src/commands/minigame/huongdan.js:186,guide_prev_{...},active,Pattern phát hiện trong handler/collector.
Minigame/Economy,customId:guide_prev_${userId},button,Flow component guide_prev_${userId}.,Theo handler/customId và userId trong flow,src/events/client/interactionCreate.js,src/commands/minigame/huongdan.js:215,guide_prev_${userId},active,Pattern phát hiện trong handler/collector.
Minigame/Economy,customId:invaccept_{...},button,Flow component invaccept_{...}.,Theo handler/customId và userId trong flow,src/events/client/interactionCreate.js,src/commands/minigame/dungeon.js:900,invaccept_{...},active,Pattern phát hiện trong handler/collector.
Minigame/Economy,customId:invaccept_*,button,Flow component invaccept_*.,Theo handler/customId và userId trong flow,src/events/client/interactionCreate.js,src/commands/minigame/dungeon.js:926,invaccept_*,active,Pattern phát hiện trong handler/collector.
Minigame/Economy,customId:invdecline_{...},button,Flow component invdecline_{...}.,Theo handler/customId và userId trong flow,src/events/client/interactionCreate.js,src/commands/minigame/dungeon.js:904,invdecline_{...},active,Pattern phát hiện trong handler/collector.
Minigame/Economy,customId:invdismantle_{...},button,Flow component invdismantle_{...}.,Theo handler/customId và userId trong flow,src/events/client/interactionCreate.js,src/commands/minigame/inventory.js:187,invdismantle_{...},active,Pattern phát hiện trong handler/collector.
Minigame/Economy,customId:invdismantle_${userId},button,Flow component invdismantle_${userId}.,Theo handler/customId và userId trong flow,src/events/client/interactionCreate.js,src/commands/minigame/inventory.js:221,invdismantle_${userId},active,Pattern phát hiện trong handler/collector.
Minigame/Economy,customId:invnext_{...},button,Flow component invnext_{...}.,Theo handler/customId và userId trong flow,src/events/client/interactionCreate.js,src/commands/minigame/inventory.js:177,invnext_{...},active,Pattern phát hiện trong handler/collector.
Minigame/Economy,customId:invnext_${userId},button,Flow component invnext_${userId}.,Theo handler/customId và userId trong flow,src/events/client/interactionCreate.js,src/commands/minigame/inventory.js:215,invnext_${userId},active,Pattern phát hiện trong handler/collector.
Minigame/Economy,customId:invprev_{...},button,Flow component invprev_{...}.,Theo handler/customId và userId trong flow,src/events/client/interactionCreate.js,src/commands/minigame/inventory.js:168,invprev_{...},active,Pattern phát hiện trong handler/collector.
Minigame/Economy,customId:invprev_${userId},button,Flow component invprev_${userId}.,Theo handler/customId và userId trong flow,src/events/client/interactionCreate.js,src/commands/minigame/inventory.js:209,invprev_${userId},active,Pattern phát hiện trong handler/collector.
Minigame/Economy,customId:lcp_bulk_confirm_{...}_{...}_{...},button,Collector/flow tương tác trong minigame.,Theo handler/customId và userId trong flow,src/events/client/interactionCreate.js,src/commands/minigame/use.js:407,lcp_bulk_confirm_{...}_{...}_{...},active,Pattern phát hiện trong handler/collector.
Minigame/Economy,customId:lcp_bulk_confirm_${userId}_${type}_*,button,Collector/flow tương tác trong minigame.,Theo handler/customId và userId trong flow,src/events/client/interactionCreate.js,src/commands/minigame/use.js:658,lcp_bulk_confirm_${userId}_${type}_*,active,Pattern phát hiện trong handler/collector.
Minigame/Economy,customId:lcp_cancel_{...},button,Collector/flow tương tác trong minigame.,Theo handler/customId và userId trong flow,src/events/client/interactionCreate.js,src/commands/minigame/use.js:411,lcp_cancel_{...},active,Pattern phát hiện trong handler/collector.
Minigame/Economy,customId:lcp_cancel_${userId},button,Collector/flow tương tác trong minigame.,Theo handler/customId và userId trong flow,src/events/client/interactionCreate.js,src/commands/minigame/use.js:528,lcp_cancel_${userId},active,Pattern phát hiện trong handler/collector.
Minigame/Economy,customId:lcp_confirm_{...}_{...},button,Collector/flow tương tác trong minigame.,Theo handler/customId và userId trong flow,src/events/client/interactionCreate.js,src/commands/minigame/use.js:508,lcp_confirm_{...}_{...},active,Pattern phát hiện trong handler/collector.
Minigame/Economy,customId:lcp_confirm_${userId}_${type},button,Collector/flow tương tác trong minigame.,Theo handler/customId và userId trong flow,src/events/client/interactionCreate.js,src/commands/minigame/use.js:525,lcp_confirm_${userId}_${type},active,Pattern phát hiện trong handler/collector.
Minigame/Economy,customId:player_stats_{...},button,Flow component player_stats_{...}.,Theo handler/customId và userId trong flow,src/events/client/interactionCreate.js,src/commands/minigame/xem.js:248,player_stats_{...},active,Pattern phát hiện trong handler/collector.
Minigame/Economy,customId:player_stats_${userId},button,Flow component player_stats_${userId}.,Theo handler/customId và userId trong flow,src/events/client/interactionCreate.js,src/commands/minigame/xem.js:257,player_stats_${userId},active,Pattern phát hiện trong handler/collector.
Minigame/Economy,customId:shop_buy_{...},button,Collector/flow tương tác trong minigame.,Theo handler/customId và userId trong flow,src/events/client/interactionCreate.js,src/commands/minigame/shop.js:112,shop_buy_{...},active,Pattern phát hiện trong handler/collector.
Minigame/Economy,customId:shop_buy_${userId},button,Collector/flow tương tác trong minigame.,Theo handler/customId và userId trong flow,src/events/client/interactionCreate.js,src/commands/minigame/shop.js:143,shop_buy_${userId},active,Pattern phát hiện trong handler/collector.
Minigame/Economy,customId:shop_sell_{...},button,Collector/flow tương tác trong minigame.,Theo handler/customId và userId trong flow,src/events/client/interactionCreate.js,src/commands/minigame/shop.js:117,shop_sell_{...},active,Pattern phát hiện trong handler/collector.
Minigame/Economy,customId:shop_sell_${userId},button,Collector/flow tương tác trong minigame.,Theo handler/customId và userId trong flow,src/events/client/interactionCreate.js,src/commands/minigame/shop.js:149,shop_sell_${userId},active,Pattern phát hiện trong handler/collector.
Minigame/Economy,customId:solo_cancel_{...},button,Flow component solo_cancel_{...}.,Theo handler/customId và userId trong flow,src/events/client/interactionCreate.js,src/commands/minigame/dungeon.js:308,solo_cancel_{...},active,Pattern phát hiện trong handler/collector.
Minigame/Economy,customId:solobua_{...},button,Flow component solobua_{...}.,Theo handler/customId và userId trong flow,src/events/client/interactionCreate.js,src/commands/minigame/dungeon.js:300,solobua_{...},active,Pattern phát hiện trong handler/collector.
Minigame/Economy,customId:solostart_{...},button,Flow component solostart_{...}.,Theo handler/customId và userId trong flow,src/events/client/interactionCreate.js,src/commands/minigame/dungeon.js:291,solostart_{...},active,Pattern phát hiện trong handler/collector.
Minigame/Economy,customId:transfer_{...}_{...}_{...}_{...},button,Flow component transfer_{...}_{...}_{...}_{...}.,Theo handler/customId và userId trong flow,src/events/client/interactionCreate.js,src/commands/minigame/daden.js:646,transfer_{...}_{...}_{...}_{...},active,Pattern phát hiện trong handler/collector.
Minigame/Economy,customId:transfer_*,button,Flow component transfer_*.,Theo handler/customId và userId trong flow,src/events/client/interactionCreate.js,src/commands/minigame/daden.js:677,transfer_*,active,Pattern phát hiện trong handler/collector.
Minigame/Economy,customId:transfer_cancel_{...},button,Flow component transfer_cancel_{...}.,Theo handler/customId và userId trong flow,src/events/client/interactionCreate.js,src/commands/minigame/daden.js:654,transfer_cancel_{...},active,Pattern phát hiện trong handler/collector.
Minigame/Economy,customId:transfer_cancel_${userId},button,Flow component transfer_cancel_${userId}.,Theo handler/customId và userId trong flow,src/events/client/interactionCreate.js,src/commands/minigame/daden.js:668,transfer_cancel_${userId},active,Pattern phát hiện trong handler/collector.
Minigame/Economy,customId:tune_batch_{...}_{...},button,Collector/flow tương tác trong minigame.,Theo handler/customId và userId trong flow,src/events/client/interactionCreate.js,src/commands/minigame/tune.js:302,tune_batch_{...}_{...},active,Pattern phát hiện trong handler/collector.
Minigame/Economy,customId:tune_batch_*,button,Collector/flow tương tác trong minigame.,Theo handler/customId và userId trong flow,src/events/client/interactionCreate.js,src/commands/minigame/tune.js:220,tune_batch_*,active,Pattern phát hiện trong handler/collector.
Minigame/Economy,customId:tune_equip_{...},button,Collector/flow tương tác trong minigame.,Theo handler/customId và userId trong flow,src/events/client/interactionCreate.js,src/commands/minigame/tune.js:325,tune_equip_{...},active,Pattern phát hiện trong handler/collector.
Minigame/Economy,customId:tune_equip_*,button,Collector/flow tương tác trong minigame.,Theo handler/customId và userId trong flow,src/events/client/interactionCreate.js,src/commands/minigame/tune.js:227,tune_equip_*,active,Pattern phát hiện trong handler/collector.
Minigame/Economy,customId:tune_final_{...},button,Collector/flow tương tác trong minigame.,Theo handler/customId và userId trong flow,src/events/client/interactionCreate.js,src/commands/minigame/tune.js:313,tune_final_{...},active,Pattern phát hiện trong handler/collector.
Minigame/Economy,customId:tune_final_*,button,Collector/flow tương tác trong minigame.,Theo handler/customId và userId trong flow,src/events/client/interactionCreate.js,src/commands/minigame/tune.js:224,tune_final_*,active,Pattern phát hiện trong handler/collector.
Minigame/Economy,customId:tune_select_{...},select,Collector/flow tương tác trong minigame.,Theo handler/customId và userId trong flow,src/events/client/interactionCreate.js,src/commands/minigame/tune.js:189,tune_select_{...},active,Pattern phát hiện trong handler/collector.
Minigame/Economy,customId:tune_select_${userId},select,Collector/flow tương tác trong minigame.,Theo handler/customId và userId trong flow,src/events/client/interactionCreate.js,src/commands/minigame/tune.js:217,tune_select_${userId},active,Pattern phát hiện trong handler/collector.
Minigame/Economy,customId:use_item_{...},button,Flow component use_item_{...}.,Theo handler/customId và userId trong flow,src/events/client/interactionCreate.js,src/commands/minigame/use.js:158,use_item_{...},active,Pattern phát hiện trong handler/collector.
Quản lý thành viên/role,customId:addid_cancel_{...}_{...},button,Xác nhận/reset/rejoin UID chờ.,Theo handler/customId và userId trong flow,src/events/client/interactionCreate.js,src/commands/quanly/addid.js:331,addid_cancel_{...}_{...},active,Pattern phát hiện trong handler/collector.
Quản lý thành viên/role,customId:addid_confirm_{...}_{...},button,Xác nhận/reset/rejoin UID chờ.,Theo handler/customId và userId trong flow,src/events/client/interactionCreate.js,src/commands/quanly/addid.js:327,addid_confirm_{...}_{...},active,Pattern phát hiện trong handler/collector.
Quản lý thành viên/role,customId:addid_rejoin_{...}_{...},button,Xác nhận/reset/rejoin UID chờ.,Theo handler/customId và userId trong flow,src/events/client/interactionCreate.js,src/commands/quanly/addid.js:274,addid_rejoin_{...}_{...},active,Pattern phát hiện trong handler/collector.
Quản lý thành viên/role,customId:addid_reset_{...}_{...},button,Xác nhận/reset/rejoin UID chờ.,Theo handler/customId và userId trong flow,src/events/client/interactionCreate.js,src/commands/quanly/addid.js:270,addid_reset_{...}_{...},active,Pattern phát hiện trong handler/collector.
Quản lý thành viên/role,customId:addid_resetcancel_{...}_{...},button,Xác nhận/reset/rejoin UID chờ.,Theo handler/customId và userId trong flow,src/events/client/interactionCreate.js,src/commands/quanly/addid.js:278,addid_resetcancel_{...}_{...},active,Pattern phát hiện trong handler/collector.
Quản lý thành viên/role,customId:album_setavt_{...}_{...},button,Điều hướng album ảnh.,Theo handler/customId và userId trong flow,src/events/client/interactionCreate.js,src/utils/albumHandlers.js:172,album_setavt_{...}_{...},active,Pattern phát hiện trong handler/collector.
Quản lý thành viên/role,customId:album_setavt_{...}_{...},button,Điều hướng album ảnh.,Theo handler/customId và userId trong flow,src/events/client/interactionCreate.js,src/commands/apps/album.js:70,album_setavt_{...}_{...},active,Pattern phát hiện trong handler/collector.
Quản lý thành viên/role,customId:edit_cancel_{...},button,Xác nhận/hủy/sửa/xóa thông báo.,Theo handler/customId và userId trong flow,src/events/client/interactionCreate.js,src/commands/quanly/addmem.js:246,edit_cancel_{...},active,Pattern phát hiện trong handler/collector.
Quản lý thành viên/role,customId:edit_confirm_{...}_{...},button,Xác nhận/hủy/sửa/xóa thông báo.,Theo handler/customId và userId trong flow,src/events/client/interactionCreate.js,src/commands/quanly/addmem.js:242,edit_confirm_{...}_{...},active,Pattern phát hiện trong handler/collector.
Quản lý thành viên/role,customId:event_role_select,select,Flow component event_role_select.,Theo handler/customId và userId trong flow,src/events/client/interactionCreate.js:246,src/events/client/interactionCreate.js:246,event_role_select,active,Route trực tiếp trong interactionCreate.
Quản lý thành viên/role,customId:event_role_select,select,Flow component event_role_select.,Theo handler/customId và userId trong flow,src/events/client/interactionCreate.js,src/utils/selectMenuHandlers.js:33,event_role_select,active,Pattern phát hiện trong handler/collector.
Quản lý thành viên/role,customId:lenhquanly_next_{...},button,Flow component lenhquanly_next_{...}.,Theo handler/customId và userId trong flow,src/events/client/interactionCreate.js,src/commands/quanly/lenhquanly.js:177,lenhquanly_next_{...},active,Pattern phát hiện trong handler/collector.
Quản lý thành viên/role,customId:lenhquanly_prev_{...},button,Flow component lenhquanly_prev_{...}.,Theo handler/customId và userId trong flow,src/events/client/interactionCreate.js,src/commands/quanly/lenhquanly.js:172,lenhquanly_prev_{...},active,Pattern phát hiện trong handler/collector.
Quản lý thành viên/role,customId:listallmem_*,button,Phân trang/xác nhận trong nhóm quản lý thành viên.,Theo handler/customId và userId trong flow,src/events/client/interactionCreate.js:109,src/events/client/interactionCreate.js:109,listallmem_*,active,Route trực tiếp trong interactionCreate.
Quản lý thành viên/role,customId:listallmem_*,button,Phân trang/xác nhận trong nhóm quản lý thành viên.,Theo handler/customId và userId trong flow,src/events/client/interactionCreate.js,src/utils/quanlyHandlers.js:59,listallmem_*,active,Pattern phát hiện trong handler/collector.
Quản lý thành viên/role,customId:listallmem_next_{...}_{...},button,Phân trang/xác nhận trong nhóm quản lý thành viên.,Theo handler/customId và userId trong flow,src/events/client/interactionCreate.js,src/commands/quanly/listallmem.js:128,listallmem_next_{...}_{...},active,Pattern phát hiện trong handler/collector.
Quản lý thành viên/role,customId:listallmem_prev_{...}_{...},button,Phân trang/xác nhận trong nhóm quản lý thành viên.,Theo handler/customId và userId trong flow,src/events/client/interactionCreate.js,src/commands/quanly/listallmem.js:123,listallmem_prev_{...}_{...},active,Pattern phát hiện trong handler/collector.
Quản lý thành viên/role,customId:listallmem_random_{...},button,Phân trang/xác nhận trong nhóm quản lý thành viên.,Theo handler/customId và userId trong flow,src/events/client/interactionCreate.js,src/commands/quanly/listallmem.js:133,listallmem_random_{...},active,Pattern phát hiện trong handler/collector.
Quản lý thành viên/role,customId:listid_next_{...},button,Phân trang/xác nhận trong nhóm quản lý thành viên.,Theo handler/customId và userId trong flow,src/events/client/interactionCreate.js,src/commands/quanly/listid.js:79,listid_next_{...},active,Pattern phát hiện trong handler/collector.
Quản lý thành viên/role,customId:listid_prev_{...},button,Phân trang/xác nhận trong nhóm quản lý thành viên.,Theo handler/customId và userId trong flow,src/events/client/interactionCreate.js,src/commands/quanly/listid.js:74,listid_prev_{...},active,Pattern phát hiện trong handler/collector.
Quản lý thành viên/role,customId:listmem_*,button,Phân trang/xác nhận trong nhóm quản lý thành viên.,Theo handler/customId và userId trong flow,src/events/client/interactionCreate.js:108,src/events/client/interactionCreate.js:108,listmem_*,active,Route trực tiếp trong interactionCreate.
Quản lý thành viên/role,customId:listmem_*,button,Phân trang/xác nhận trong nhóm quản lý thành viên.,Theo handler/customId và userId trong flow,src/events/client/interactionCreate.js,src/utils/quanlyHandlers.js:43,listmem_*,active,Pattern phát hiện trong handler/collector.
Quản lý thành viên/role,customId:listmem_modal_{...},modal,Phân trang/xác nhận trong nhóm quản lý thành viên.,Theo handler/customId và userId trong flow,src/events/client/interactionCreate.js,src/commands/quanly/listmem.js:253,listmem_modal_{...},active,Pattern phát hiện trong handler/collector.
Quản lý thành viên/role,customId:listmem_modal_*,modal,Phân trang/xác nhận trong nhóm quản lý thành viên.,Theo handler/customId và userId trong flow,src/events/client/interactionCreate.js:367,src/events/client/interactionCreate.js:367,listmem_modal_*,active,Route trực tiếp trong interactionCreate.
Quản lý thành viên/role,customId:listmem_modal_*,modal,Phân trang/xác nhận trong nhóm quản lý thành viên.,Theo handler/customId và userId trong flow,src/events/client/interactionCreate.js,src/utils/quanlyHandlers.js:182,listmem_modal_*,active,Pattern phát hiện trong handler/collector.
Quản lý thành viên/role,customId:listmem_next_{...}_{...},button,Phân trang/xác nhận trong nhóm quản lý thành viên.,Theo handler/customId và userId trong flow,src/events/client/interactionCreate.js,src/commands/quanly/listmem.js:180,listmem_next_{...}_{...},active,Pattern phát hiện trong handler/collector.
Quản lý thành viên/role,customId:listmem_prev_{...}_{...},button,Phân trang/xác nhận trong nhóm quản lý thành viên.,Theo handler/customId và userId trong flow,src/events/client/interactionCreate.js,src/commands/quanly/listmem.js:175,listmem_prev_{...}_{...},active,Pattern phát hiện trong handler/collector.
Quản lý thành viên/role,customId:listmem_search_{...}_{...},button,Phân trang/xác nhận trong nhóm quản lý thành viên.,Theo handler/customId và userId trong flow,src/events/client/interactionCreate.js,src/commands/quanly/listmem.js:185,listmem_search_{...}_{...},active,Pattern phát hiện trong handler/collector.
Quản lý thành viên/role,customId:locmem_*,button,Phân trang/xác nhận trong nhóm quản lý thành viên.,Theo handler/customId và userId trong flow,src/events/client/interactionCreate.js:113,src/events/client/interactionCreate.js:113,locmem_*,active,Route trực tiếp trong interactionCreate.
Quản lý thành viên/role,customId:locmem_cancel_{...},button,Phân trang/xác nhận trong nhóm quản lý thành viên.,Theo handler/customId và userId trong flow,src/events/client/interactionCreate.js,src/commands/quanly/locmem.js:172,locmem_cancel_{...},active,Pattern phát hiện trong handler/collector.
Quản lý thành viên/role,customId:locmem_cancel_*,button,Phân trang/xác nhận trong nhóm quản lý thành viên.,Theo handler/customId và userId trong flow,src/events/client/interactionCreate.js,src/utils/quanlyHandlers.js:86,locmem_cancel_*,active,Pattern phát hiện trong handler/collector.
Quản lý thành viên/role,customId:locmem_cancel_*,button,Phân trang/xác nhận trong nhóm quản lý thành viên.,Theo handler/customId và userId trong flow,src/events/client/interactionCreate.js,src/commands/quanly/locmem.js:305,locmem_cancel_*,active,Pattern phát hiện trong handler/collector.
Quản lý thành viên/role,customId:locmem_confirm_{...},button,Phân trang/xác nhận trong nhóm quản lý thành viên.,Theo handler/customId và userId trong flow,src/events/client/interactionCreate.js,src/commands/quanly/locmem.js:168,locmem_confirm_{...},active,Pattern phát hiện trong handler/collector.
Quản lý thành viên/role,customId:locmem_confirm_*,button,Phân trang/xác nhận trong nhóm quản lý thành viên.,Theo handler/customId và userId trong flow,src/events/client/interactionCreate.js,src/utils/quanlyHandlers.js:86,locmem_confirm_*,active,Pattern phát hiện trong handler/collector.
Quản lý thành viên/role,customId:locmem_confirm_*,button,Phân trang/xác nhận trong nhóm quản lý thành viên.,Theo handler/customId và userId trong flow,src/events/client/interactionCreate.js,src/commands/quanly/locmem.js:255,locmem_confirm_*,active,Pattern phát hiện trong handler/collector.
Quản lý thành viên/role,customId:locmem_next_{...},button,Phân trang/xác nhận trong nhóm quản lý thành viên.,Theo handler/customId và userId trong flow,src/events/client/interactionCreate.js,src/commands/quanly/locmem.js:163,locmem_next_{...},active,Pattern phát hiện trong handler/collector.
Quản lý thành viên/role,customId:locmem_next_*,button,Phân trang/xác nhận trong nhóm quản lý thành viên.,Theo handler/customId và userId trong flow,src/events/client/interactionCreate.js,src/utils/quanlyHandlers.js:85,locmem_next_*,active,Pattern phát hiện trong handler/collector.
Quản lý thành viên/role,customId:locmem_next_*,button,Phân trang/xác nhận trong nhóm quản lý thành viên.,Theo handler/customId và userId trong flow,src/events/client/interactionCreate.js,src/commands/quanly/locmem.js:244,locmem_next_*,active,Pattern phát hiện trong handler/collector.
Quản lý thành viên/role,customId:locmem_prev_{...},button,Phân trang/xác nhận trong nhóm quản lý thành viên.,Theo handler/customId và userId trong flow,src/events/client/interactionCreate.js,src/commands/quanly/locmem.js:158,locmem_prev_{...},active,Pattern phát hiện trong handler/collector.
Quản lý thành viên/role,customId:locmem_prev_*,button,Phân trang/xác nhận trong nhóm quản lý thành viên.,Theo handler/customId và userId trong flow,src/events/client/interactionCreate.js,src/utils/quanlyHandlers.js:85,locmem_prev_*,active,Pattern phát hiện trong handler/collector.
Quản lý thành viên/role,customId:locmem_prev_*,button,Phân trang/xác nhận trong nhóm quản lý thành viên.,Theo handler/customId và userId trong flow,src/events/client/interactionCreate.js,src/commands/quanly/locmem.js:233,locmem_prev_*,active,Pattern phát hiện trong handler/collector.
Quản lý thành viên/role,customId:locmem_select_{...},select,Phân trang/xác nhận trong nhóm quản lý thành viên.,Theo handler/customId và userId trong flow,src/events/client/interactionCreate.js,src/commands/quanly/locmem.js:147,locmem_select_{...},active,Pattern phát hiện trong handler/collector.
Quản lý thành viên/role,customId:locmem_select_*,select,Phân trang/xác nhận trong nhóm quản lý thành viên.,Theo handler/customId và userId trong flow,src/events/client/interactionCreate.js:318,src/events/client/interactionCreate.js:318,locmem_select_*,active,Route trực tiếp trong interactionCreate.
Quản lý thành viên/role,customId:locmem_select_*,select,Phân trang/xác nhận trong nhóm quản lý thành viên.,Theo handler/customId và userId trong flow,src/events/client/interactionCreate.js,src/commands/quanly/locmem.js:204,locmem_select_*,active,Pattern phát hiện trong handler/collector.
Quản lý thành viên/role,customId:pickrole_*,button,Chọn role DPS/Healer/Tanker qua nút.,Theo handler/customId và userId trong flow,src/events/client/interactionCreate.js:102,src/events/client/interactionCreate.js:102,pickrole_*,active,Route trực tiếp trong interactionCreate.
Quản lý thành viên/role,customId:pickrole_*,button,Chọn role DPS/Healer/Tanker qua nút.,Theo handler/customId và userId trong flow,src/events/client/interactionCreate.js,src/utils/pickroleHandlers.js:35,pickrole_*,active,Pattern phát hiện trong handler/collector.
Quản lý thành viên/role,customId:pickrole_dps_cuukiem,button,Chọn role DPS/Healer/Tanker qua nút.,Theo handler/customId và userId trong flow,src/events/client/interactionCreate.js,src/commands/quanly/pickrole.js:409,pickrole_dps_cuukiem,active,Pattern phát hiện trong handler/collector.
Quản lý thành viên/role,customId:pickrole_dps_duroi,button,Chọn role DPS/Healer/Tanker qua nút.,Theo handler/customId và userId trong flow,src/events/client/interactionCreate.js,src/commands/quanly/pickrole.js:414,pickrole_dps_duroi,active,Pattern phát hiện trong handler/collector.
Quản lý thành viên/role,customId:pickrole_dps_hoanhdao,button,Chọn role DPS/Healer/Tanker qua nút.,Theo handler/customId và userId trong flow,src/events/client/interactionCreate.js,src/commands/quanly/pickrole.js:424,pickrole_dps_hoanhdao,active,Pattern phát hiện trong handler/collector.
Quản lý thành viên/role,customId:pickrole_dps_quatdu,button,Chọn role DPS/Healer/Tanker qua nút.,Theo handler/customId và userId trong flow,src/events/client/interactionCreate.js,src/commands/quanly/pickrole.js:394,pickrole_dps_quatdu,active,Pattern phát hiện trong handler/collector.
Quản lý thành viên/role,customId:pickrole_dps_songdao,button,Chọn role DPS/Healer/Tanker qua nút.,Theo handler/customId và userId trong flow,src/events/client/interactionCreate.js,src/commands/quanly/pickrole.js:404,pickrole_dps_songdao,active,Pattern phát hiện trong handler/collector.
Quản lý thành viên/role,customId:pickrole_dps_vodanh,button,Chọn role DPS/Healer/Tanker qua nút.,Theo handler/customId và userId trong flow,src/events/client/interactionCreate.js,src/commands/quanly/pickrole.js:399,pickrole_dps_vodanh,active,Pattern phát hiện trong handler/collector.
Quản lý thành viên/role,customId:pickrole_healer,button,Chọn role DPS/Healer/Tanker qua nút.,Theo handler/customId và userId trong flow,src/events/client/interactionCreate.js,src/commands/quanly/pickrole.js:434,pickrole_healer,active,Pattern phát hiện trong handler/collector.
Quản lý thành viên/role,customId:pickrole_tanker,button,Chọn role DPS/Healer/Tanker qua nút.,Theo handler/customId và userId trong flow,src/events/client/interactionCreate.js,src/commands/quanly/pickrole.js:439,pickrole_tanker,active,Pattern phát hiện trong handler/collector.
Quản lý thành viên/role,customId:search_query,button,Flow component search_query.,Theo handler/customId và userId trong flow,src/events/client/interactionCreate.js,src/commands/quanly/listmem.js:257,search_query,active,Pattern phát hiện trong handler/collector.
Role hiển thị,customId:show_role_select_{...},select,Flow component show_role_select_{...}.,Theo handler/customId và userId trong flow,src/events/client/interactionCreate.js,src/commands/quanly/subrole/show.js:221,show_role_select_{...},active,Pattern phát hiện trong handler/collector.
Role hiển thị,customId:show_role_select_${message.author.id},select,Flow component show_role_select_${message.author.id}.,Theo handler/customId và userId trong flow,src/events/client/interactionCreate.js,src/commands/quanly/subrole/show.js:235,show_role_select_${message.author.id},active,Pattern phát hiện trong handler/collector.
Thông báo/Boss/Lịch,customId:boss_*,button,Nút đăng ký/quản lý boss guild.,Theo handler/customId và userId trong flow,src/events/client/interactionCreate.js:126,src/events/client/interactionCreate.js:126,boss_*,active,Route trực tiếp trong interactionCreate.
Thông báo/Boss/Lịch,customId:boss_ai_{...},button,Nút đăng ký/quản lý boss guild.,Theo handler/customId và userId trong flow,src/events/client/interactionCreate.js,src/commands/minigame/dungeon.js:1120,boss_ai_{...},active,Pattern phát hiện trong handler/collector.
Thông báo/Boss/Lịch,customId:boss_cancel_{...},button,Nút đăng ký/quản lý boss guild.,Theo handler/customId và userId trong flow,src/events/client/interactionCreate.js,src/commands/minigame/dungeon.js:1124,boss_cancel_{...},active,Pattern phát hiện trong handler/collector.
Thông báo/Boss/Lịch,customId:boss_finalize_{...},button,Nút đăng ký/quản lý boss guild.,Theo handler/customId và userId trong flow,src/events/client/interactionCreate.js,src/commands/thongbao/bossguild.js:170,boss_finalize_{...},active,Pattern phát hiện trong handler/collector.
Thông báo/Boss/Lịch,customId:boss_finalize_*,button,Nút đăng ký/quản lý boss guild.,Theo handler/customId và userId trong flow,src/events/client/interactionCreate.js,src/utils/bossHandlers.js:146,boss_finalize_*,active,Pattern phát hiện trong handler/collector.
Thông báo/Boss/Lịch,customId:boss_invite_{...},button,Nút đăng ký/quản lý boss guild.,Theo handler/customId và userId trong flow,src/events/client/interactionCreate.js,src/commands/minigame/dungeon.js:1116,boss_invite_{...},active,Pattern phát hiện trong handler/collector.
Thông báo/Boss/Lịch,customId:boss_join_{...},button,Nút đăng ký/quản lý boss guild.,Theo handler/customId và userId trong flow,src/events/client/interactionCreate.js,src/commands/thongbao/bossguild.js:162,boss_join_{...},active,Pattern phát hiện trong handler/collector.
Thông báo/Boss/Lịch,customId:boss_join_*,button,Nút đăng ký/quản lý boss guild.,Theo handler/customId và userId trong flow,src/events/client/interactionCreate.js,src/utils/bossHandlers.js:32,boss_join_*,active,Pattern phát hiện trong handler/collector.
Thông báo/Boss/Lịch,customId:boss_leave_{...},button,Nút đăng ký/quản lý boss guild.,Theo handler/customId và userId trong flow,src/events/client/interactionCreate.js,src/commands/thongbao/bossguild.js:166,boss_leave_{...},active,Pattern phát hiện trong handler/collector.
Thông báo/Boss/Lịch,customId:boss_leave_*,button,Nút đăng ký/quản lý boss guild.,Theo handler/customId và userId trong flow,src/events/client/interactionCreate.js,src/utils/bossHandlers.js:93,boss_leave_*,active,Pattern phát hiện trong handler/collector.
Thông báo/Boss/Lịch,customId:bossaccept_{...},button,Nút đăng ký/quản lý boss guild.,Theo handler/customId và userId trong flow,src/events/client/interactionCreate.js,src/commands/minigame/dungeon.js:1256,bossaccept_{...},active,Pattern phát hiện trong handler/collector.
Thông báo/Boss/Lịch,customId:bossaccept_*,button,Nút đăng ký/quản lý boss guild.,Theo handler/customId và userId trong flow,src/events/client/interactionCreate.js,src/commands/minigame/dungeon.js:1282,bossaccept_*,active,Pattern phát hiện trong handler/collector.
Thông báo/Boss/Lịch,customId:bossdecline_{...},button,Nút đăng ký/quản lý boss guild.,Theo handler/customId và userId trong flow,src/events/client/interactionCreate.js,src/commands/minigame/dungeon.js:1260,bossdecline_{...},active,Pattern phát hiện trong handler/collector.
Thông báo/Boss/Lịch,customId:cancel_delete_all_{...},button,Xác nhận/hủy/sửa/xóa thông báo.,Theo handler/customId và userId trong flow,src/events/client/interactionCreate.js,src/commands/thongbao/xoahetthongbao.js:41,cancel_delete_all_{...},active,Pattern phát hiện trong handler/collector.
Thông báo/Boss/Lịch,customId:cancel_edit_{...},button,Xác nhận/hủy/sửa/xóa thông báo.,Theo handler/customId và userId trong flow,src/events/client/interactionCreate.js,src/commands/thongbao/suathongbao.js:120,cancel_edit_{...},active,Pattern phát hiện trong handler/collector.
Thông báo/Boss/Lịch,customId:canceldeleteall_{...},button,Xác nhận/hủy/sửa/xóa thông báo.,Theo handler/customId và userId trong flow,src/events/client/interactionCreate.js,src/commands/admin/thongbao/xoatoanbodanhsachthanhvien.js:59,canceldeleteall_{...},active,Pattern phát hiện trong handler/collector.
Thông báo/Boss/Lịch,customId:canceldeleteall_*,button,Xác nhận/hủy/sửa/xóa thông báo.,Theo handler/customId và userId trong flow,src/events/client/interactionCreate.js,src/commands/admin/thongbao/xoatoanbodanhsachthanhvien.js:146,canceldeleteall_*,active,Pattern phát hiện trong handler/collector.
Thông báo/Boss/Lịch,customId:confirm_delete_all_{...},button,Xác nhận/hủy/sửa/xóa thông báo.,Theo handler/customId và userId trong flow,src/events/client/interactionCreate.js,src/commands/thongbao/xoahetthongbao.js:37,confirm_delete_all_{...},active,Pattern phát hiện trong handler/collector.
Thông báo/Boss/Lịch,customId:confirm_edit_{...},button,Xác nhận/hủy/sửa/xóa thông báo.,Theo handler/customId và userId trong flow,src/events/client/interactionCreate.js,src/commands/thongbao/suathongbao.js:116,confirm_edit_{...},active,Pattern phát hiện trong handler/collector.
Thông báo/Boss/Lịch,customId:confirmdeleteall_{...},button,Xác nhận/hủy/sửa/xóa thông báo.,Theo handler/customId và userId trong flow,src/events/client/interactionCreate.js,src/commands/admin/thongbao/xoatoanbodanhsachthanhvien.js:55,confirmdeleteall_{...},active,Pattern phát hiện trong handler/collector.
Thông báo/Boss/Lịch,customId:confirmdeleteall_*,button,Xác nhận/hủy/sửa/xóa thông báo.,Theo handler/customId và userId trong flow,src/events/client/interactionCreate.js,src/commands/admin/thongbao/xoatoanbodanhsachthanhvien.js:73,confirmdeleteall_*,active,Pattern phát hiện trong handler/collector.
Thông báo/Boss/Lịch,customId:delguild_{...}_{...}_{...},button,Xác nhận/hủy/sửa/xóa thông báo.,Theo handler/customId và userId trong flow,src/events/client/interactionCreate.js,src/commands/thongbao/thongbaoguild.js:497,delguild_{...}_{...}_{...},active,Pattern phát hiện trong handler/collector.
Thông báo/Boss/Lịch,customId:event_role_select,select,Flow component event_role_select.,Theo handler/customId và userId trong flow,src/events/client/interactionCreate.js,src/commands/thongbao/nhacnho.js:46,event_role_select,active,Pattern phát hiện trong handler/collector.
Thông báo/Boss/Lịch,customId:schedule_english,button,Flow component schedule_english.,Theo handler/customId và userId trong flow,src/events/client/interactionCreate.js,src/commands/thongbao/thongbaoguild.js:7,schedule_english,active,Pattern phát hiện trong handler/collector.
Thông báo/Boss/Lịch,customId:voteboss_*,button,Nút/select cho hệ thống vote.,Theo handler/customId và userId trong flow,src/events/client/interactionCreate.js:281,src/events/client/interactionCreate.js:281,voteboss_*,active,Route trực tiếp trong interactionCreate.
Thông báo/Boss/Lịch,customId:voteboss_*,button,Nút/select cho hệ thống vote.,Theo handler/customId và userId trong flow,src/events/client/interactionCreate.js,src/utils/voteHandlers.js:51,voteboss_*,active,Pattern phát hiện trong handler/collector.
Thông báo/Boss/Lịch,customId:voteboss_day1,button,Nút/select cho hệ thống vote.,Theo handler/customId và userId trong flow,src/events/client/interactionCreate.js,src/commands/apps/votebosssolo.js:182,voteboss_day1,active,Pattern phát hiện trong handler/collector.
Thông báo/Boss/Lịch,customId:voteboss_day2,button,Nút/select cho hệ thống vote.,Theo handler/customId và userId trong flow,src/events/client/interactionCreate.js,src/commands/apps/votebosssolo.js:208,voteboss_day2,active,Pattern phát hiện trong handler/collector.
Thông báo/Boss/Lịch,customId:voteboss_end,button,Nút/select cho hệ thống vote.,Theo handler/customId và userId trong flow,src/events/client/interactionCreate.js,src/commands/apps/votebosssolo.js:233,voteboss_end,active,Pattern phát hiện trong handler/collector.
Thông báo/Boss/Lịch,customId:voteboss_result,button,Nút/select cho hệ thống vote.,Theo handler/customId và userId trong flow,src/events/client/interactionCreate.js,src/commands/apps/votebosssolo.js:232,voteboss_result,active,Pattern phát hiện trong handler/collector.
Thông báo/Boss/Lịch,customId:voteboss_time1,button,Nút/select cho hệ thống vote.,Theo handler/customId và userId trong flow,src/events/client/interactionCreate.js,src/commands/apps/votebosssolo.js:195,voteboss_time1,active,Pattern phát hiện trong handler/collector.
Thông báo/Boss/Lịch,customId:voteboss_time2,button,Nút/select cho hệ thống vote.,Theo handler/customId và userId trong flow,src/events/client/interactionCreate.js,src/commands/apps/votebosssolo.js:221,voteboss_time2,active,Pattern phát hiện trong handler/collector.
Ứng dụng tiện ích,customId:album_delete_{...}_{...},button,Điều hướng album ảnh.,Theo handler/customId và userId trong flow,src/events/client/interactionCreate.js,src/commands/apps/album.js:74,album_delete_{...}_{...},active,Pattern phát hiện trong handler/collector.
Ứng dụng tiện ích,customId:album_next_{...}_{...},button,Điều hướng album ảnh.,Theo handler/customId và userId trong flow,src/events/client/interactionCreate.js,src/commands/apps/album.js:61,album_next_{...}_{...},active,Pattern phát hiện trong handler/collector.
Ứng dụng tiện ích,customId:album_page_{...},button,Điều hướng album ảnh.,Theo handler/customId và userId trong flow,src/events/client/interactionCreate.js,src/commands/apps/album.js:56,album_page_{...},active,Pattern phát hiện trong handler/collector.
Ứng dụng tiện ích,customId:album_prev_{...}_{...},button,Điều hướng album ảnh.,Theo handler/customId và userId trong flow,src/events/client/interactionCreate.js,src/commands/apps/album.js:51,album_prev_{...}_{...},active,Pattern phát hiện trong handler/collector.
Ứng dụng tiện ích,customId:votecustom_end,button,Nút/select cho hệ thống vote.,Theo handler/customId và userId trong flow,src/events/client/interactionCreate.js,src/commands/apps/vote.js:121,votecustom_end,active,Pattern phát hiện trong handler/collector.
Ứng dụng tiện ích,customId:votecustom_select,select,Nút/select cho hệ thống vote.,Theo handler/customId và userId trong flow,src/events/client/interactionCreate.js,src/commands/apps/vote.js:109,votecustom_select,active,Pattern phát hiện trong handler/collector.
Ứng dụng tiện ích,customId:voteevent_btn_pvp,button,Nút/select cho hệ thống vote.,Theo handler/customId và userId trong flow,src/events/client/interactionCreate.js,src/commands/apps/voteevent.js:203,voteevent_btn_pvp,active,Pattern phát hiện trong handler/collector.
Ứng dụng tiện ích,customId:voteevent_btn_yentiec,button,Nút/select cho hệ thống vote.,Theo handler/customId và userId trong flow,src/events/client/interactionCreate.js,src/commands/apps/voteevent.js:198,voteevent_btn_yentiec,active,Pattern phát hiện trong handler/collector.
Ứng dụng tiện ích,customId:voteevent_pvp_time,button,Nút/select cho hệ thống vote.,Theo handler/customId và userId trong flow,src/events/client/interactionCreate.js,src/commands/apps/voteevent.js:298,voteevent_pvp_time,active,Pattern phát hiện trong handler/collector.
Ứng dụng tiện ích,customId:voteevent_yentiec_time,button,Nút/select cho hệ thống vote.,Theo handler/customId và userId trong flow,src/events/client/interactionCreate.js,src/commands/apps/voteevent.js:275,voteevent_yentiec_time,active,Pattern phát hiện trong handler/collector.
Ứng dụng tiện ích,customId:votegio_{...},button,Nút/select cho hệ thống vote.,Theo handler/customId và userId trong flow,src/events/client/interactionCreate.js,src/commands/apps/votegioevent.js:132,votegio_{...},active,Pattern phát hiện trong handler/collector.
Ứng dụng tiện ích,customId:votegio_end,button,Nút/select cho hệ thống vote.,Theo handler/customId và userId trong flow,src/events/client/interactionCreate.js,src/commands/apps/votegioevent.js:144,votegio_end,active,Pattern phát hiện trong handler/collector.
Ứng dụng tiện ích,customId:votengay_{...},button,Nút/select cho hệ thống vote.,Theo handler/customId và userId trong flow,src/events/client/interactionCreate.js,src/commands/apps/votengayevent.js:139,votengay_{...},active,Pattern phát hiện trong handler/collector.
Ứng dụng tiện ích,customId:votengay_end,button,Nút/select cho hệ thống vote.,Theo handler/customId và userId trong flow,src/events/client/interactionCreate.js,src/commands/apps/votengayevent.js:155,votengay_end,active,Pattern phát hiện trong handler/collector.
Ứng dụng tiện ích,customId:votepvp_day1,button,Nút/select cho hệ thống vote.,Theo handler/customId và userId trong flow,src/events/client/interactionCreate.js,src/commands/apps/votepvpsolo.js:182,votepvp_day1,active,Pattern phát hiện trong handler/collector.
Ứng dụng tiện ích,customId:votepvp_day2,button,Nút/select cho hệ thống vote.,Theo handler/customId và userId trong flow,src/events/client/interactionCreate.js,src/commands/apps/votepvpsolo.js:208,votepvp_day2,active,Pattern phát hiện trong handler/collector.
Ứng dụng tiện ích,customId:votepvp_end,button,Nút/select cho hệ thống vote.,Theo handler/customId và userId trong flow,src/events/client/interactionCreate.js,src/commands/apps/votepvpsolo.js:233,votepvp_end,active,Pattern phát hiện trong handler/collector.
Ứng dụng tiện ích,customId:votepvp_time1,button,Nút/select cho hệ thống vote.,Theo handler/customId và userId trong flow,src/events/client/interactionCreate.js,src/commands/apps/votepvpsolo.js:195,votepvp_time1,active,Pattern phát hiện trong handler/collector.
Ứng dụng tiện ích,customId:votepvp_time2,button,Nút/select cho hệ thống vote.,Theo handler/customId và userId trong flow,src/events/client/interactionCreate.js,src/commands/apps/votepvpsolo.js:221,votepvp_time2,active,Pattern phát hiện trong handler/collector.
Ứng dụng tiện ích,customId:voteyentiec_end,button,Nút/select cho hệ thống vote.,Theo handler/customId và userId trong flow,src/events/client/interactionCreate.js,src/commands/apps/voteyentiec.js:111,voteyentiec_end,active,Pattern phát hiện trong handler/collector.
Ứng dụng tiện ích,customId:voteyentiec_time,button,Nút/select cho hệ thống vote.,Theo handler/customId và userId trong flow,src/events/client/interactionCreate.js,src/commands/apps/voteyentiec.js:98,voteyentiec_time,active,Pattern phát hiện trong handler/collector.
Web phụ trợ,WebBangChien/battle_timer.html,web,"Timer Bang Chiến có mốc cảnh báo, âm thanh, notification.",Theo truy cập web/static,WebBangChien/battle_timer.html,WebBangChien/battle_timer.html,title=⚔️ Bang Chiến Timer — Lang Gia,active,
Web phụ trợ,WebBangChien/callback.html,web,Callback xác thực Discord OAuth qua Supabase.,Discord OAuth/Supabase policy tùy trang,WebBangChien/callback.html,WebBangChien/callback.html,title=Đang xác thực Discord...,active,
Web phụ trợ,WebBangChien/coin-editor.html,web,Công cụ chỉnh coin/tài nguyên web.,Theo truy cập web/static,WebBangChien/coin-editor.html,WebBangChien/coin-editor.html,title=🪙 Coin Effect Editor — Lang Gia,active,
Web phụ trợ,WebBangChien/cpopup.css,web,CSS popup UI dùng trong web Bang Chiến.,Theo truy cập web/static,WebBangChien/cpopup.css,WebBangChien/cpopup.css,,active,
Web phụ trợ,WebBangChien/cpopup.js,web,Script popup UI dùng trong web Bang Chiến.,Theo truy cập web/static,WebBangChien/cpopup.js,WebBangChien/cpopup.js,,active,
Web phụ trợ,WebBangChien/index.html,web,"Dashboard Bang Chiến tổng quan, đăng ký/xem đội hình và đồng bộ Supabase.",Theo truy cập web/static,WebBangChien/index.html,WebBangChien/index.html,title=Lang Gia - Bang Chiến,active,
Web phụ trợ,WebBangChien/manifest.json,web,Manifest PWA/web app.,Theo truy cập web/static,WebBangChien/manifest.json,WebBangChien/manifest.json,,active,
Web phụ trợ,WebBangChien/map_editor.html,web,Editor map/marker chiến thuật.,Theo truy cập web/static,WebBangChien/map_editor.html,WebBangChien/map_editor.html,title=Bản Đồ Editor (Pro UI),active,
Web phụ trợ,WebBangChien/tactic_sketch.html,web,Công cụ vẽ/phác thảo chiến thuật.,Theo truy cập web/static,WebBangChien/tactic_sketch.html,WebBangChien/tactic_sketch.html,title=Phác Thảo Chiến Thuật - Lang Gia,active,
Web phụ trợ,WebBangChien/tactics.html,web,Bảng chiến thuật/tactics cho Bang Chiến.,Discord OAuth/Supabase policy tùy trang,WebBangChien/tactics.html,WebBangChien/tactics.html,title=Chiến Thuật - Lang Gia,active,
Web phụ trợ,WebBangChien/team_editor.html,web,"Editor đội hình kéo thả, đổi leader, resize team, realtime Supabase.",Discord OAuth/Supabase policy tùy trang,WebBangChien/team_editor.html,WebBangChien/team_editor.html,title=Lang Gia - Team Editor,active,
Web phụ trợ,WebTimer/index.html,web,Timer Bang Chiến bản standalone.,Theo truy cập web/static,WebTimer/index.html,WebTimer/index.html,title=⚔️ Bang Chiến Timer — Lang Gia,active,
Supabase/Database,supabase_cleanup_bc_regular_weekdays.sql,web,Cleanup dữ liệu BC regular ngày thường.,Chạy bằng quyền Supabase/database admin,supabase_cleanup_bc_regular_weekdays.sql,supabase_cleanup_bc_regular_weekdays.sql,,active,Không chạy trong quá trình quét; chỉ inventory.
Supabase/Database,supabase_migrate_bc_dynamic_roster.sql,web,Migration roster động cho Bang Chiến.,Chạy bằng quyền Supabase/database admin,supabase_migrate_bc_dynamic_roster.sql,supabase_migrate_bc_dynamic_roster.sql,,active,Không chạy trong quá trình quét; chỉ inventory.
Supabase/Database,supabase_migrate_bc_sessions_day_time_unique.sql,web,Ràng buộc unique day/time cho session BC.,Chạy bằng quyền Supabase/database admin,supabase_migrate_bc_sessions_day_time_unique.sql,supabase_migrate_bc_sessions_day_time_unique.sql,,active,Không chạy trong quá trình quét; chỉ inventory.
Supabase/Database,supabase_migrate_day.sql,web,Migration cột/ngày cho lịch.,Chạy bằng quyền Supabase/database admin,supabase_migrate_day.sql,supabase_migrate_day.sql,,active,Không chạy trong quá trình quét; chỉ inventory.
Supabase/Database,supabase_migrate_feedback.sql,web,Migration bảng feedback.,Chạy bằng quyền Supabase/database admin,supabase_migrate_feedback.sql,supabase_migrate_feedback.sql,,active,Không chạy trong quá trình quét; chỉ inventory.
Supabase/Database,supabase_migrate_secure_bc_regulars.sql,web,RLS/policy danh sách đăng ký định kỳ BC.,Chạy bằng quyền Supabase/database admin,supabase_migrate_secure_bc_regulars.sql,supabase_migrate_secure_bc_regulars.sql,,active,Không chạy trong quá trình quét; chỉ inventory.
Supabase/Database,supabase_migrate_secure_editor_policies.sql,web,RLS/policy bảo mật editor.,Chạy bằng quyền Supabase/database admin,supabase_migrate_secure_editor_policies.sql,supabase_migrate_secure_editor_policies.sql,,active,Không chạy trong quá trình quét; chỉ inventory.
Supabase/Database,supabase_migrate_tactic_sketches.sql,web,Migration tactic sketches.,Chạy bằng quyền Supabase/database admin,supabase_migrate_tactic_sketches.sql,supabase_migrate_tactic_sketches.sql,,active,Không chạy trong quá trình quét; chỉ inventory.
Supabase/Database,supabase_migrate_tactics_session.sql,web,Migration session tactics.,Chạy bằng quyền Supabase/database admin,supabase_migrate_tactics_session.sql,supabase_migrate_tactics_session.sql,,active,Không chạy trong quá trình quét; chỉ inventory.
Supabase/Database,supabase_migrate_team_names.sql,web,Migration tên team.,Chạy bằng quyền Supabase/database admin,supabase_migrate_team_names.sql,supabase_migrate_team_names.sql,,active,Không chạy trong quá trình quét; chỉ inventory.
Supabase/Database,supabase_migrate_web_roster_logs.sql,web,Migration log roster web.,Chạy bằng quyền Supabase/database admin,supabase_migrate_web_roster_logs.sql,supabase_migrate_web_roster_logs.sql,,active,Không chạy trong quá trình quét; chỉ inventory.
Supabase/Database,supabase_setup.sql,web,Schema/setup Supabase chính.,Chạy bằng quyền Supabase/database admin,supabase_setup.sql,supabase_setup.sql,,active,Không chạy trong quá trình quét; chỉ inventory.
Scripts/Tools phụ trợ,tools/GiaiNenHangLoat.spec,internal,Script/tool phụ trợ: GiaiNenHangLoat.spec.,Chạy thủ công trên máy/hosting,tools/GiaiNenHangLoat.spec,tools/GiaiNenHangLoat.spec,,helper,Không phải lệnh Discord runtime.
Scripts/Tools phụ trợ,tools/restore_members.js,internal,Script/tool phụ trợ: restore_members.js.,Chạy thủ công trên máy/hosting,tools/restore_members.js,tools/restore_members.js,,helper,Không phải lệnh Discord runtime.
Scripts/Tools phụ trợ,tools/unzip_all.py,internal,Script/tool phụ trợ: unzip_all.py.,Chạy thủ công trên máy/hosting,tools/unzip_all.py,tools/unzip_all.py,,helper,Không phải lệnh Discord runtime.
Scripts/Tools phụ trợ,App/Script/_send_temp.py,internal,Script/tool phụ trợ: _send_temp.py.,Chạy thủ công trên máy/hosting,App/Script/_send_temp.py,App/Script/_send_temp.py,,helper,Không phải lệnh Discord runtime.
Scripts/Tools phụ trợ,App/Script/send_to_discord.js,internal,Script/tool phụ trợ: send_to_discord.js.,Chạy thủ công trên máy/hosting,App/Script/send_to_discord.js,App/Script/send_to_discord.js,,helper,Không phải lệnh Discord runtime.
Scripts/Tools phụ trợ,App/Script/send_to_discord.py,internal,Script/tool phụ trợ: send_to_discord.py.,Chạy thủ công trên máy/hosting,App/Script/send_to_discord.py,App/Script/send_to_discord.py,,helper,Không phải lệnh Discord runtime.
Loto,loto/lotoAnimations.js,internal,Module lotoanimations trong nhóm Loto.,Không thấy kiểm tra rõ trong nhánh quét,src/commands/loto/lotoAnimations.js,src/commands/loto/lotoAnimations.js,,helper,Không thấy route trực tiếp hoặc là helper/module hỗ trợ trong lần quét tĩnh.
Loto,loto/lotoState.js,internal,Module lotostate trong nhóm Loto.,Role Quản Lý,src/commands/loto/lotoState.js,src/commands/loto/lotoState.js,,helper,Không thấy route trực tiếp hoặc là helper/module hỗ trợ trong lần quét tĩnh.
Minigame/Economy,minigame/ddlist.js,internal,Xem danh sách vật phẩm Đá Đen.,Không thấy kiểm tra rõ trong nhánh quét,src/commands/minigame/ddlist.js,src/commands/minigame/ddlist.js,,helper,Không thấy route trực tiếp hoặc là helper/module hỗ trợ trong lần quét tĩnh.
Minigame/Economy,minigame/khacda.js,internal,Module khacda trong nhóm Minigame/Economy.,Không thấy kiểm tra rõ trong nhánh quét,src/commands/minigame/khacda.js,src/commands/minigame/khacda.js,,helper,Không thấy route trực tiếp hoặc là helper/module hỗ trợ trong lần quét tĩnh.